"Individual","Year","Prop_Female","Sex","Age_Class"
"1","1989",0.0345168879941738,"Male","Adult"
"1","1990",0.176748107602749,"Male","Adult"
"1","1994",0.220983646933718,"Male","Adult"
"1","1996",0.0824666094492598,"Male","Adult"
"1","1997",0.200283875936588,"Male","Adult"
"1","1998",0.137985967501688,"Male","Adult"
"1","1999",0.0568942743965434,"Male","Adult"
"1","2001",0.0344057220075048,"Male","Adult"
"1","2002",0.0422728816163437,"Male","Adult"
"1","2003",0.0290174332263879,"Male","Adult"
"10","1989",0.0534848156020954,"Male","Adult"
"10","1990",0.0340865119441095,"Male","Adult"
"10","1996",0.0139371974159672,"Male","Adult"
"10","1998",0.130885181321771,"Male","Adult"
"10","1999",0.0277453760051462,"Male","Adult"
"10","2002",0.046146386020595,"Male","Adult"
"10","2011",0.161536857635623,"Male","Adult"
"1000","1996",0.611867704280156,"FemaleJ","Adult"
"1000","1997",0.57085823454492,"FemaleJ","Adult"
"1009","1996",1e-06,NA,"Adult"
"101","1989",0.149359886201991,"Male","Adult"
"101","1990",0.0788034737857832,"Male","Adult"
"1016","1996",0.999999,NA,"Adult"
"1019","1996",0.184252372130083,"FemaleJ","Adult"
"1019","1998",0.226441503624273,"FemaleJ","Adult"
"1019","1999",0.446934761210981,"FemaleJ","Adult"
"1019","2001",0.216532165599901,"FemaleJ","Adult"
"1019","2002",0.220529560931831,"FemaleJ","Adult"
"102","1989",0.145805621123599,"Male","Adult"
"102","1990",0.190413252474074,"Male","Adult"
"102","1993",0.318321716319184,"Male","Adult"
"102","1996",0.190948956109614,"Male","Adult"
"102","1997",0.183120749882518,"Male","Adult"
"102","1998",0.351539809168455,"Male","Adult"
"102","1999",0.128570426784351,"Male","Adult"
"102","2001",0.156063413118777,"Male","Adult"
"102","2002",0.158681134336047,"Male","Adult"
"102","2011",0.095047690777551,"Male","Adult"
"102","2013",0.0489930351266665,"Male","Adult"
"102","2015",0.210088465807774,"Male","Adult"
"102","2016",0.0949379373559933,"Male","Adult"
"102","2017",0.196517177545261,"Male","Adult"
"102","2019",0.334790644348985,"Male","Adult"
"1020","1996",0.25705599419185,"FemaleJ","Adult"
"1020","1997",0.241390905085453,"FemaleJ","Adult"
"1022","1996",0.303656943839791,"FemaleJ","Adult"
"1022","1997",0.379246831768404,"FemaleJ","Adult"
"1022","1999",0.780392156862745,"FemaleJ","Adult"
"1023","1996",0.404472532814779,NA,"Calf"
"1025","2010",1e-06,"FemaleJ","Adult"
"1030","1996",0.111373011196229,NA,"Adult"
"1032","1996",1e-06,NA,"Adult"
"104","1989",0.0740790553172031,NA,"Adult"
"104","1990",0.128255767333934,NA,"Adult"
"1040","1996",0.129421593909589,"FemaleJ","Adult"
"1040","1999",0.142470155473259,"FemaleJ","Adult"
"1042","1996",0.514754126926575,NA,"Adult"
"1042","1997",0.503886294279307,NA,"Adult"
"1043","1996",0.485010706638116,NA,"Juvenile"
"1045","1996",0.455284552845528,"FemaleJ","Adult"
"1046","1996",0.230307786563387,"FemaleJ","Adult"
"1046","1997",0.422984536856328,"FemaleJ","Adult"
"1047","1996",1e-06,NA,"Adult"
"105","1989",0.486486486486487,NA,"Adult"
"105","1990",0.169934640522876,NA,"Adult"
"1054","1996",0.210526315789474,NA,"Adult"
"1057","1996",0.291749928632601,NA,"Adult"
"1058","1996",0.149854815983476,"FemaleJ","Adult"
"1059","1996",0.288863764838892,NA,"Adult"
"106","1989",0.0689321827871374,"FemaleJ","Adult"
"106","1990",0.331562929708732,"FemaleJ","Adult"
"1062","1996",0.198521647307286,"FemaleJ","Adult"
"1063","1996",0.182956631012581,NA,"Adult"
"1063","1997",0.558581882545637,NA,"Adult"
"1066","1996",1e-06,NA,"Adult"
"1068","1996",1e-06,NA,"Adult"
"1069","1996",0.262582056892779,NA,"Adult"
"1069","1997",0.410351201478743,NA,"Adult"
"1072","1996",0.348646110502426,"FemaleJ","Adult"
"1081","1996",0.245086705202312,NA,"Adult"
"1093","1996",0.346153846153846,NA,"Juvenile"
"1094","1996",0.178384442782349,"FemaleJ","Adult"
"1094","1997",0.183955576559546,"FemaleJ","Adult"
"1097","1996",1e-06,NA,"Adult"
"1109","1996",0.212765957446809,NA,"Adult"
"111","1989",0.258064516129032,NA,"Adult"
"1110","1996",1e-06,NA,"Adult"
"1114","1996",0.114022500661679,"Male","Adult"
"1114","1997",0.313693576388889,"Male","Adult"
"1114","1999",0.25289913816851,"Male","Adult"
"1114","2008",0.666666666666667,"Male","Adult"
"1116","1996",0.189873417721519,NA,"Adult"
"1121","1996",0.115833257979926,NA,"Adult"
"1124","1996",0.999999,NA,"Adult"
"1126","1996",0.510204081632653,"FemaleJ","Adult"
"1134","1996",1e-06,"Male","Adult"
"1136","1996",0.999999,NA,"Juvenile"
"1140","1996",0.117647058823529,NA,"Adult"
"1142","1996",0.142988929889299,NA,"Adult"
"1146","1997",0.43768740532103,NA,"Adult"
"1146","1998",0.333263602944867,NA,"Adult"
"1146","1999",0.316609104115173,NA,"Adult"
"1147","1996",0.199928076007189,"FemaleJ","Adult"
"1147","1997",0.487252659315381,"FemaleJ","Adult"
"1147","1998",0.435552439332243,"FemaleJ","Adult"
"1147","1999",0.530645447431145,"FemaleJ","Adult"
"1147","2006",0.565301458373165,"FemaleJ","Adult"
"1147","2010",0.32709645344421,"FemaleJ","Adult"
"1147","2015",0.246820030986958,"FemaleJ","Adult"
"1148","1996",0.183976261127596,NA,"Adult"
"115","1989",0.177719649176796,NA,"Adult"
"115","1990",0.123600592690155,NA,"Adult"
"1152","1996",0.5,NA,"Adult"
"1153","1996",0.5,NA,"Adult"
"1155","1996",0.289053447406107,"FemaleJ","Adult"
"1155","1998",0.151305401770267,"FemaleJ","Adult"
"1158","1996",0.363636363636364,NA,"Adult"
"116","1989",0.347826086956522,NA,"Adult"
"1160","1996",0.405797101449275,NA,"Adult"
"1163","1996",0.255813953488372,"FemaleJ","Juvenile"
"1168","1996",1e-06,NA,"Adult"
"1173","1996",0.201801801801802,"Male","Adult"
"1173","2001",0.0847628657921292,"Male","Adult"
"1174","1996",0.6,"FemaleJ","Adult"
"1176","1996",0.347826086956522,NA,"Adult"
"1179","1996",0.347826086956522,"Male","Adult"
"118","1989",0.209727492238703,"Male","Adult"
"118","1998",0.267920271253058,"Male","Adult"
"1185","1996",0.552845528455285,NA,"Adult"
"119","1989",0.11285771866183,NA,"Adult"
"1190","1996",1e-06,NA,"Adult"
"120","1989",0.0734296872021914,"Male","Adult"
"120","1996",0.122046497017951,"Male","Adult"
"120","1997",0.263201651629288,"Male","Adult"
"120","1999",0.102259695504043,"Male","Adult"
"120","2002",0.0296270155411769,"Male","Adult"
"120","2003",0.0296647473438431,"Male","Adult"
"120","2006",0.337349397590361,"Male","Adult"
"120","2010",0.521768055439499,"Male","Adult"
"120","2013",0.318335646288316,"Male","Adult"
"1205","1997",0.516129032258065,NA,"Adult"
"1217","1997",0.29112145428998,NA,"Adult"
"1219","1997",0.254545454545455,NA,"Adult"
"1220","1997",0.280481041478152,NA,"Adult"
"1221","1997",0.225988700564972,NA,"Adult"
"1227","1997",0.64,NA,"Adult"
"1233","1997",0.390243902439024,NA,"Adult"
"1234","1997",0.390243902439024,NA,"Adult"
"1237","1997",0.673913043478261,NA,"Adult"
"1239","1997",0.388046983560997,"FemaleJ","Juvenile"
"1239","1998",0.287660917300654,"FemaleJ","Juvenile"
"124","1989",0.0541411064709515,"Male","Adult"
"124","1994",1e-06,"Male","Adult"
"124","1996",0.0292393363273426,"Male","Adult"
"124","1997",0.236980593014714,"Male","Adult"
"124","2002",0.0633329129394906,"Male","Adult"
"1247","1997",0.3125,NA,"Adult"
"1248","1997",0.310880829015544,NA,"Adult"
"1249","1997",1e-06,NA,"Adult"
"1251","1997",0.416666666666667,NA,"Adult"
"1253","1997",0.368852459016393,"FemaleJ","Adult"
"1253","1998",1e-06,"FemaleJ","Adult"
"1254","1997",1e-06,"FemaleJ","Adult"
"1255","1997",0.999999,NA,"Adult"
"1258","1997",0.403489640130862,"FemaleJ","Adult"
"1261","1997",0.780487804878049,NA,"Adult"
"1264","1997",0.549356223175966,NA,"Adult"
"1266","1997",0.549356223175966,NA,"Adult"
"1267","1997",0.249062877410303,"FemaleJ","Adult"
"127","1989",1e-06,NA,"Adult"
"127","1997",0.411899313501144,NA,"Adult"
"127","1999",0.774695132604214,NA,"Adult"
"127","2002",0.128043111190947,NA,"Adult"
"1270","1997",0.765625,NA,"Adult"
"1272","1997",0.652892561983471,NA,"Juvenile"
"1272","1998",0.806201550387597,NA,"Juvenile"
"1274","1997",0.999999,NA,"Calf"
"1275","1997",0.807692307692308,NA,"Adult"
"1276","1997",0.761904761904762,"FemaleJ","Juvenile"
"1277","1997",0.761904761904762,NA,"Adult"
"1280","1997",0.613733905579399,NA,"Adult"
"1281","1997",0.673913043478261,NA,"Adult"
"1284","1997",0.398009950248756,"FemaleJ","Juvenile"
"1284","1998",0.999999,"FemaleJ","Juvenile"
"129","1989",0.0882352941176471,NA,"Adult"
"129","1990",0.436077057793345,NA,"Adult"
"1291","1997",0.999999,NA,"Juvenile"
"1292","1997",0.21899419009735,"Male","Adult"
"1293","1997",0.514757969303424,"Male","Adult"
"1296","1997",0.477763659466328,NA,"Adult"
"1297","1997",0.238805970149254,NA,"Adult"
"13","1989",0.0369375091610886,NA,"Adult"
"13","1990",0.185029386318208,NA,"Adult"
"1301","1997",0.256410256410256,"FemaleJ","Adult"
"1307","1997",0.70608467774957,"FemaleJ","Adult"
"1309","1997",0.698151950718686,NA,"Adult"
"131","1989",0.181071886504042,"FemaleJ","Adult"
"131","1994",0.27215493979492,"FemaleJ","Adult"
"131","1995",0.467005076142132,"FemaleJ","Adult"
"131","1997",0.318864040067846,"FemaleJ","Adult"
"131","1998",0.176745682891267,"FemaleJ","Adult"
"131","1999",0.193915582753764,"FemaleJ","Adult"
"1311","1997",0.6875,NA,"Adult"
"1313","1997",0.415644589806487,"FemaleJ","Adult"
"1313","1998",0.403091704132537,"FemaleJ","Adult"
"1313","2001",0.101403600922116,"FemaleJ","Adult"
"1313","2002",0.314356865993721,"FemaleJ","Adult"
"1313","2006",0.0783783783783784,"FemaleJ","Adult"
"1313","2011",0.240176391841877,"FemaleJ","Adult"
"1315","1997",0.372340425531915,"FemaleJ","Adult"
"1317","1997",0.524235246173047,NA,"Adult"
"1317","2021",0.471776904355011,NA,"Adult"
"132","1989",1e-06,NA,"Adult"
"1320","1997",0.675675675675676,NA,"Adult"
"1329","1997",0.423228346456693,"FemaleJ","Adult"
"1329","1998",0.455922865013774,"FemaleJ","Adult"
"1332","1997",0.263626028221762,"FemaleJ","Adult"
"1332","1998",0.416176173079326,"FemaleJ","Adult"
"1332","1999",0.522328970363049,"FemaleJ","Adult"
"1334","1997",0.365922208771205,"FemaleJ","Juvenile"
"1334","1998",0.425896310959828,"FemaleJ","Juvenile"
"1334","1999",0.449929551718138,"FemaleJ","Adult"
"1335","1996",0.230538531751206,NA,"Adult"
"1335","1997",0.309047010367845,NA,"Adult"
"1336","1994",0.244783284194528,"FemaleJ","Adult"
"1336","1997",0.557321435283763,"FemaleJ","Adult"
"1336","1998",0.634590222651053,"FemaleJ","Adult"
"1336","1999",0.52369810177489,"FemaleJ","Adult"
"1336","2001",0.234611051070386,"FemaleJ","Adult"
"1336","2011",0.188305316330064,"FemaleJ","Adult"
"1336","2019",0.303179084325519,"FemaleJ","Adult"
"1336","2021",0.387406806172966,"FemaleJ","Adult"
"1337","1997",0.409659449077213,"FemaleJ","Adult"
"1337","1998",0.370461312068093,"FemaleJ","Adult"
"134","1989",0.533980582524272,NA,"Adult"
"134","1990",0.101437024513948,NA,"Adult"
"1344","1997",0.5,"FemaleJ","Adult"
"1345","1997",0.999999,"Male","Adult"
"1346","1997",0.5,"FemaleJ","Adult"
"1348","1997",0.3,NA,"Adult"
"135","1989",0.6,NA,"Adult"
"1350","1997",0.999999,NA,"Adult"
"1351","1997",0.755678131083712,"FemaleJ","Adult"
"1354","1997",0.999999,NA,"Adult"
"1357","1997",0.669421487603306,"FemaleJ","Adult"
"1358","1997",0.549963475014204,"FemaleJ","Adult"
"1358","1998",0.28453247014845,"FemaleJ","Adult"
"1362","1997",0.78494623655914,"FemaleJ","Adult"
"1364","1997",0.834236790683167,"FemaleJ","Adult"
"1364","2001",0.108520437535982,"FemaleJ","Adult"
"1364","2002",0.651756369315401,"FemaleJ","Adult"
"1364","2010",0.488279902600193,"FemaleJ","Adult"
"1364","2011",0.366846099065537,"FemaleJ","Adult"
"1364","2016",0.567650566766153,"FemaleJ","Adult"
"1369","1997",0.999999,NA,"Adult"
"137","1989",1e-06,NA,"Adult"
"1370","1997",0.814159292035398,"FemaleJ","Adult"
"138","1989",1e-06,NA,"Adult"
"14","1989",0.999999,NA,"Adult"
"1404","1998",0.402243950934414,"FemaleJ","Adult"
"141","1989",0.219387755102041,NA,"Adult"
"1410","1998",0.465656775264578,NA,"Juvenile"
"1414","1998",0.343137254901961,"FemaleJ","Adult"
"1417","1998",0.344908283112656,"FemaleJ","Adult"
"1418","1998",0.453695940116413,"FemaleJ","Adult"
"1420","1998",0.76,NA,"Adult"
"1422","1998",0.0486706533420624,"FemaleJ","Adult"
"1424","1998",0.265634121033682,"Male","Adult"
"1426","1998",0.125,NA,"Adult"
"1429","1998",0.999999,NA,"Juvenile"
"143","1990",1e-06,NA,"Adult"
"143","1997",0.207510951419993,NA,"Adult"
"143","2006",0.1,NA,"Adult"
"1435","1998",0.411680032901501,NA,"Adult"
"1436","1998",0.319148936170213,NA,"Juvenile"
"1438","1998",0.262640584446794,NA,"Adult"
"1438","1999",0.24330900243309,NA,"Adult"
"144","1989",1e-06,NA,"Adult"
"1442","1998",0.576158940397351,NA,"Adult"
"145","1989",1e-06,NA,"Juvenile"
"1450","1998",0.420382165605096,"FemaleJ","Adult"
"1451","1998",0.463735267452403,"FemaleJ","Adult"
"1452","1998",0.999999,"FemaleJ","Adult"
"1458","1998",0.137897384600848,"Male","Adult"
"1458","2002",0.0247536014073141,"Male","Adult"
"1458","2006",0.418024069525222,"Male","Adult"
"1458","2010",0.337443932812769,"Male","Adult"
"1458","2011",0.121219879701472,"Male","Adult"
"1458","2013",0.156530174900994,"Male","Adult"
"1458","2016",0.262332608972175,"Male","Adult"
"146","1989",0.117474302496329,NA,"Adult"
"1461","1998",0.110096453260077,"Male","Adult"
"1461","1999",0.109066146911012,"Male","Adult"
"1466","1998",0.68,"FemaleJ","Juvenile"
"1469","1998",0.4107862320797,"FemaleJ","Adult"
"1469","1999",0.419024403767065,"FemaleJ","Adult"
"1470","1998",0.491883231458198,"FemaleJ","Adult"
"1470","1999",0.463127813451378,"FemaleJ","Adult"
"1470","2003",0.0152691182084235,"FemaleJ","Adult"
"1472","1998",0.216277676978167,NA,"Adult"
"1472","1999",0.208591009197114,NA,"Adult"
"1473","1998",0.427046263345196,NA,"Adult"
"1479","1998",0.999999,NA,"Adult"
"1488","1998",0.999999,NA,"Adult"
"149","1989",0.346153846153846,NA,"Adult"
"1493","1998",0.259067357512953,NA,"Adult"
"1493","1999",0.18848167539267,NA,"Adult"
"1496","1998",0.6,NA,"Adult"
"1497","1998",0.6,NA,"Adult"
"15","1989",0.0942337895445367,"Male","Adult"
"15","1990",1e-06,"Male","Adult"
"1500","1998",0.531914893617021,NA,"Adult"
"1501","1998",0.522375205764682,NA,"Adult"
"1503","1998",0.495412844036697,NA,"Adult"
"1504","1998",0.571428571428572,NA,"Adult"
"1505","1998",0.571428571428572,NA,"Adult"
"1507","1998",0.62625323138789,"FemaleJ","Adult"
"151","1989",0.666666666666667,"FemaleJ","Adult"
"1510","1998",0.473655464479726,"FemaleJ","Adult"
"1512","1998",0.595674707014346,"FemaleJ","Adult"
"1512","2002",0.221818181818182,"FemaleJ","Adult"
"1513","1998",0.709292412617221,NA,"Adult"
"1515","1998",0.782690498588899,NA,"Adult"
"152","1989",0.136855825145378,"FemaleJ","Adult"
"152","1990",0.173936626673791,"FemaleJ","Adult"
"153","1989",0.163934426229508,"FemaleJ","Juvenile"
"153","1990",0.357470210815765,"FemaleJ","Juvenile"
"156","1989",0.592920353982301,NA,"Adult"
"156","1990",0.999999,NA,"Adult"
"158","1990",0.470588235294118,NA,"Adult"
"159","1989",0.363850873053327,"FemaleJ","Adult"
"159","1993",0.592783505154639,"FemaleJ","Adult"
"159","1996",0.378701953371141,"FemaleJ","Adult"
"159","1997",0.284704330184335,"FemaleJ","Adult"
"159","1998",0.570670006261741,"FemaleJ","Adult"
"16","1990",0.0825054769634142,"Male","Adult"
"16","2001",0.341864716636197,"Male","Adult"
"16","2002",0.122684205224186,"Male","Adult"
"16","2010",0.118874922384443,"Male","Adult"
"16","2011",0.0781373189225651,"Male","Adult"
"1602","1999",0.607142857142857,"FemaleJ","Adult"
"1605","1999",0.403785488958991,NA,"Juvenile"
"1618","1999",0.593430234161679,NA,"Adult"
"162","1989",0.309351090609228,"FemaleJ","Adult"
"162","1994",0.202014549524342,"FemaleJ","Adult"
"162","1997",0.394004246768301,"FemaleJ","Adult"
"162","1999",0.897603598369642,"FemaleJ","Adult"
"162","2011",0.361401921718144,"FemaleJ","Adult"
"162","2013",0.127989657401422,"FemaleJ","Adult"
"162","2019",0.216759080389855,"FemaleJ","Adult"
"162","2021",0.304859450360145,"FemaleJ","Adult"
"162","2023",0.567502853913922,"FemaleJ","Adult"
"1621","1999",0.578313253012048,NA,"Adult"
"1622","1999",0.413793103448276,NA,"Adult"
"1623","1999",0.3125,"FemaleJ","Adult"
"1626","1999",0.307692307692308,NA,"Adult"
"1628","1999",0.613992496137718,NA,"Adult"
"1630","1999",0.468928962910445,"FemaleJ","Adult"
"1631","1999",0.563258232235702,"FemaleJ","Adult"
"1632","1999",0.672443674176776,NA,"Adult"
"1633","1999",0.337483262619339,"FemaleJ","Adult"
"1634","1999",0.339769301676674,"FemaleJ","Adult"
"1642","2001",1e-06,NA,"Adult"
"1645","1999",0.47451292574591,"FemaleJ","Adult"
"1651","1999",0.784144588211132,"FemaleJ","Juvenile"
"166","1990",1e-06,NA,"Adult"
"1662","1999",0.665051483949122,NA,"Adult"
"1667","1999",0.999999,"FemaleJ","Adult"
"1672","1999",0.36,NA,"Adult"
"1674","1999",0.673913043478261,NA,"Adult"
"1676","1999",0.224052087322865,"Male","Adult"
"1676","2001",0.0427649848335968,"Male","Adult"
"1676","2002",0.173794779790497,"Male","Adult"
"1676","2013",0.27162472114871,"Male","Adult"
"1677","1999",0.298578199052133,NA,"Adult"
"168","1989",1e-06,NA,"Adult"
"1687","1999",1e-06,NA,"Adult"
"1692","1999",0.366480446927374,"Male","Adult"
"1693","1999",0.275862068965517,"Male","Adult"
"1695","1999",0.176470588235294,NA,"Adult"
"1696","1999",0.176470588235294,"Male","Adult"
"1697","1999",0.176470588235294,NA,"Adult"
"17","1989",1e-06,"FemaleJ","Adult"
"17","1996",0.123545060797846,"FemaleJ","Adult"
"17","1999",0.350009222296879,"FemaleJ","Adult"
"17","2001",0.12482853223594,"FemaleJ","Adult"
"17","2002",0.256139638062134,"FemaleJ","Adult"
"170","1997",0.54460302551322,"FemaleJ","Adult"
"170","1998",0.407073716162096,"FemaleJ","Adult"
"170","1999",0.460294476294444,"FemaleJ","Adult"
"170","2011",0.258489722134733,"FemaleJ","Adult"
"1715","2001",1e-06,NA,"Adult"
"1716","2001",0.999999,NA,"Adult"
"1720","2001",0.5,NA,"Adult"
"1721","2001",0.5,NA,"Adult"
"1723","2001",0.320754716981132,NA,"Adult"
"1730","2001",0.523809523809524,NA,"Juvenile"
"1735","2001",0.470588235294118,NA,"Adult"
"1737","2001",0.571428571428572,NA,"Adult"
"1739","2001",0.255358835316609,"Male","Adult"
"1739","2011",0.0811619970356473,"Male","Adult"
"1739","2013",0.126994622740121,"Male","Adult"
"1739","2015",0.123764243872121,"Male","Adult"
"1739","2016",0.228839908291655,"Male","Adult"
"1739","2017",0.185357588558758,"Male","Adult"
"1739","2023",0.260098030882838,"Male","Adult"
"174","1989",1e-06,NA,"Juvenile"
"1744","2001",0.4,NA,"Adult"
"1747","2006",0.38522129428645,"FemaleJ","Adult"
"1747","2007",0.182007280291212,"FemaleJ","Adult"
"1747","2010",0.640676016473724,"FemaleJ","Adult"
"1749","2001",0.4,NA,"Adult"
"1750","2001",0.4,NA,"Adult"
"1752","2001",0.478260869565217,NA,"Adult"
"1753","2001",0.178571428571429,NA,"Adult"
"1756","2001",0.666666666666667,NA,"Adult"
"1757","2001",0.146031419992996,"FemaleJ","Adult"
"1757","2006",0.486244155529235,"FemaleJ","Adult"
"1757","2010",0.300029286545891,"FemaleJ","Adult"
"1757","2011",0.230882402747959,"FemaleJ","Adult"
"1757","2015",0.400729200150675,"FemaleJ","Adult"
"1757","2016",0.201076759709311,"FemaleJ","Adult"
"1759","2001",0.666666666666667,NA,"Adult"
"176","1989",1e-06,NA,"Adult"
"1764","2001",1e-06,NA,"Adult"
"1765","2001",1e-06,NA,"Adult"
"1771","2001",1e-06,NA,"Adult"
"1774","2001",1e-06,NA,"Adult"
"1777","2001",1e-06,NA,"Adult"
"1779","2001",0.178031888182123,"Male","Adult"
"1779","2002",0.0803838725633828,"Male","Adult"
"1779","2006",0.422969675845242,"Male","Adult"
"1779","2010",0.176552237091108,"Male","Adult"
"1779","2011",0.0219627461473344,"Male","Adult"
"178","1989",1e-06,NA,"Adult"
"1791","2001",1e-06,NA,"Adult"
"1796","2001",0.09375,NA,"Adult"
"18","1989",0.0441257049362851,"Male","Adult"
"18","1990",0.115996208461345,"Male","Adult"
"18","1994",0.121052663239287,"Male","Adult"
"18","1995",0.241837968561064,"Male","Adult"
"18","1996",0.0647348195985668,"Male","Adult"
"18","1997",0.266861327969003,"Male","Adult"
"1803","2001",0.09375,NA,"Adult"
"1804","2001",0.09375,NA,"Adult"
"1818","2001",1e-06,NA,"Adult"
"1825","2001",0.2,NA,"Adult"
"1829","2001",0.138720715977889,"Male","Adult"
"1829","2002",0.785677127127049,"Male","Adult"
"1829","2011",0.067657754539214,"Male","Adult"
"1829","2017",0.209513696501137,"Male","Adult"
"183","1989",0.0930232558139535,NA,"Juvenile"
"183","1996",0.212987601200249,NA,"Adult"
"1832","2001",0.333333333333333,"FemaleJ","Adult"
"184","1989",0.183995327102804,NA,"Juvenile"
"184","1990",0.268703321735008,NA,"Juvenile"
"185","1997",0.999999,"Male","Adult"
"186","1989",0.237825594563986,"Male","Adult"
"186","1990",0.303111301186785,"Male","Adult"
"189","1989",0.319034852546917,NA,"Adult"
"1904","2002",0.575171821305842,"FemaleJ","Adult"
"1904","2006",0.627021987413565,"FemaleJ","Adult"
"1904","2010",0.468996673401078,"FemaleJ","Adult"
"1904","2015",0.197954917132808,"FemaleJ","Adult"
"1904","2016",0.307492246307347,"FemaleJ","Adult"
"1907","2002",0.530612244897959,NA,"Adult"
"1914","2002",0.36,NA,"Adult"
"1917","2002",0.291793313069909,"FemaleJ","Adult"
"1919","2002",0.333333333333333,NA,"Adult"
"1924","2002",0.647887323943662,"Male","Adult"
"1926","2002",0.647887323943662,NA,"Adult"
"1929","2002",0.119204448246364,"FemaleJ","Adult"
"1929","2011",0.543580131208997,"FemaleJ","Adult"
"1930","2002",0.0529801324503311,"FemaleJ","Adult"
"1932","2002",0.999999,NA,"Adult"
"1939","2002",0.804878048780488,NA,"Adult"
"1942","2002",0.421052631578947,NA,"Adult"
"1943","2002",0.421052631578947,NA,"Adult"
"1946","2002",0.18018018018018,NA,"Adult"
"195","1989",0.291666666666667,NA,"Adult"
"1951","2002",1e-06,NA,"Adult"
"1956","2002",0.361702127659574,NA,"Adult"
"1957","2002",0.288135593220339,NA,"Adult"
"1959","2002",0.288135593220339,NA,"Adult"
"1960","2002",0.361702127659574,NA,"Adult"
"1961","2002",0.361702127659574,NA,"Adult"
"1962","2002",0.414634146341463,NA,"Adult"
"1964","2002",0.272727272727273,NA,"Adult"
"1966","2002",0.33489242282507,"Male","Adult"
"1967","2002",0.177993527508091,NA,"Adult"
"1968","2002",1e-06,NA,"Adult"
"197","1989",0.291666666666667,NA,"Adult"
"1970","2002",1e-06,NA,"Adult"
"1971","2002",1e-06,NA,"Adult"
"1972","2002",1e-06,NA,"Adult"
"1978","2002",0.13677811550152,"FemaleJ","Adult"
"1980","2002",0.468085106382979,NA,"Adult"
"1981","2002",0.403669724770642,NA,"Adult"
"1982","2002",0.571428571428572,NA,"Adult"
"1983","2002",0.496124031007752,NA,"Adult"
"1987","2002",1e-06,NA,"Juvenile"
"2","1989",0.0346406037362365,NA,"Adult"
"2000","2002",0.764705882352941,"FemaleJ","Adult"
"2008","2002",0.764705882352941,"FemaleJ","Adult"
"2010","2002",0.661016949152542,"FemaleJ","Adult"
"2013","2002",0.8125,"Male","Adult"
"2013","2011",0.111654112524558,"Male","Adult"
"2014","2002",0.256410256410256,"FemaleJ","Adult"
"2019","2002",0.0961538461538461,NA,"Adult"
"2020","2002",0.252252252252252,NA,"Adult"
"2021","2002",0.176470588235294,NA,"Adult"
"2022","2002",0.176470588235294,NA,"Juvenile"
"2025","2002",0.240963855421687,NA,"Juvenile"
"2028","2002",0.105913616193467,"Male","Adult"
"2028","2010",0.110508484487631,"Male","Adult"
"2028","2011",0.0817420668109424,"Male","Adult"
"2028","2013",0.0552209737498713,"Male","Adult"
"2028","2015",0.121621269114041,"Male","Adult"
"2029","2002",0.252427184466019,NA,"Adult"
"2030","2002",0.252427184466019,NA,"Juvenile"
"2032","2002",0.246913580246914,NA,"Adult"
"2033","2002",0.229885057471264,NA,"Adult"
"2034","2002",0.177777777777778,NA,"Adult"
"2036","2002",0.1875,NA,"Adult"
"2038","2002",0.3,NA,"Adult"
"2040","2002",0.166666666666667,NA,"Adult"
"2041","2002",0.0851063829787234,NA,"Adult"
"2042","2002",0.075,"FemaleJ","Juvenile"
"2044","2002",0.285714285714286,NA,"Adult"
"2048","2002",0.200565604694398,"Male","Adult"
"2048","2010",0.177531932330574,"Male","Adult"
"2048","2011",0.147410516094664,"Male","Adult"
"2048","2015",0.136029935770521,"Male","Adult"
"2048","2016",0.140233599977829,"Male","Adult"
"2048","2019",0.421872319254675,"Male","Adult"
"2049","2002",0.25,NA,"Adult"
"2052","2002",1e-06,NA,"Adult"
"2056","2002",1e-06,NA,"Adult"
"2062","2002",1e-06,"Male","Adult"
"207","1989",0.517241379310345,NA,"Adult"
"2077","2002",0.797297297297297,NA,"Adult"
"208","1989",0.27710843373494,"Male","Adult"
"208","1990",0.189024390243902,"Male","Adult"
"2081","2002",0.797297297297297,NA,"Adult"
"2089","2002",1e-06,NA,"Adult"
"2090","2002",1e-06,"Male","Adult"
"2096","2002",1e-06,NA,"Adult"
"2097","2002",1e-06,NA,"Adult"
"21","1989",1e-06,"Male","Adult"
"21","1990",1e-06,"Male","Adult"
"2101","2002",1e-06,NA,"Adult"
"2102","1999",0.225988477626075,"Male","Adult"
"2102","2002",1e-06,"Male","Adult"
"2102","2003",0.0419482030883605,"Male","Adult"
"2102","2011",0.205185682353117,"Male","Adult"
"2102","2013",0.151514859074745,"Male","Adult"
"2103","2002",1e-06,NA,"Adult"
"2104","2002",1e-06,NA,"Adult"
"2106","2002",1e-06,NA,"Adult"
"2107","2002",1e-06,"Male","Adult"
"2107","2003",1e-06,"Male","Adult"
"2109","2002",1e-06,NA,"Adult"
"2110","2002",1e-06,NA,"Adult"
"2112","2002",0.999999,NA,"Adult"
"2116","2002",0.999999,NA,"Adult"
"213","1990",0.247178710162258,NA,"Adult"
"213","2001",0.0696091986424534,NA,"Adult"
"213","2002",0.115959492650153,NA,"Adult"
"2130","2002",0.276729559748428,"FemaleJ","Adult"
"2131","2002",0.424460431654676,NA,"Adult"
"2133","2002",0.339080459770115,NA,"Adult"
"2135","2002",0.371069182389937,NA,"Adult"
"2137","2002",0.371069182389937,NA,"Adult"
"2138","2002",0.462616822429907,"Male","Adult"
"2144","2002",0.408945686900958,NA,"Adult"
"2146","2002",0.468085106382979,NA,"Adult"
"2147","2002",0.530612244897959,"FemaleJ","Adult"
"2148","2002",1e-06,NA,"Adult"
"215","1989",1e-06,NA,"Adult"
"2150","2002",1e-06,NA,"Adult"
"2153","2002",0.205128205128205,NA,"Adult"
"2156","2002",0.571428571428572,NA,"Adult"
"22","1989",1e-06,NA,"Adult"
"22","1990",1e-06,NA,"Adult"
"222","1994",0.4,"FemaleJ","Adult"
"222","1998",0.548387096774194,"FemaleJ","Adult"
"2220","2003",0.264705882352941,NA,"Adult"
"2229","2003",0.2,NA,"Adult"
"223","1988",1e-06,NA,"Adult"
"2232","2003",0.25,"Male","Adult"
"2233","2003",0.2,"Male","Adult"
"2235","2003",0.166666666666667,NA,"Adult"
"2237","2003",0.333333333333333,NA,"Adult"
"2238","2003",1e-06,NA,"Adult"
"2241","2003",0.233160621761658,NA,"Adult"
"2246","2003",1e-06,NA,"Adult"
"2246","2011",0.32171581769437,NA,"Adult"
"2250","2003",1e-06,NA,"Adult"
"2252","2003",1e-06,NA,"Adult"
"2258","2003",0.999999,"FemaleJ","Adult"
"2259","2003",0.365853658536585,NA,"Adult"
"2260","2003",0.365853658536585,NA,"Adult"
"2263","2003",0.233160621761658,NA,"Adult"
"235","1990",0.38656529549939,"FemaleJ","Adult"
"235","1993",0.291609292116935,"FemaleJ","Adult"
"235","1994",0.527252081756245,"FemaleJ","Adult"
"237","1990",0.107388467642391,"FemaleJ","Adult"
"237","1993",0.366838487972509,"FemaleJ","Adult"
"238","1990",0.182075805880269,NA,"Adult"
"24","1989",1e-06,NA,"Adult"
"240","1990",0.282089552238806,NA,"Adult"
"242","1988",1e-06,NA,"Adult"
"242","1990",1e-06,NA,"Adult"
"244","1988",1e-06,NA,"Adult"
"245","1988",1e-06,NA,"Adult"
"25","1989",0.0254494041607756,NA,"Adult"
"250","1988",0.999999,NA,"Adult"
"251","1988",1e-06,"FemaleJ","Adult"
"251","1990",0.313667445088797,"FemaleJ","Adult"
"251","1993",0.345377830417076,"FemaleJ","Adult"
"251","1994",0.112407754429451,"FemaleJ","Adult"
"251","1996",0.364612577860762,"FemaleJ","Adult"
"251","1997",0.425663816794648,"FemaleJ","Adult"
"251","1998",0.31165264469991,"FemaleJ","Adult"
"251","1999",0.619411017073401,"FemaleJ","Adult"
"251","2002",0.198613821999266,"FemaleJ","Adult"
"251","2003",0.0112557520271246,"FemaleJ","Adult"
"26","1989",1e-06,NA,"Juvenile"
"265","1990",1e-06,NA,"Adult"
"266","1990",1e-06,NA,"Adult"
"267","1990",0.244221115545413,"FemaleJ","Adult"
"267","1993",0.198594692051744,"FemaleJ","Adult"
"269","1990",0.999999,"FemaleJ","Adult"
"270","1990",0.5,NA,"Adult"
"271","1990",0.172127064413534,"FemaleJ","Adult"
"273","1990",0.474724429633427,"FemaleJ","Juvenile"
"275","1990",1e-06,NA,"Adult"
"277","1990",0.209497206703911,"FemaleJ","Adult"
"278","1990",1e-06,NA,"Adult"
"279","1990",1e-06,NA,"Adult"
"28","1989",0.0481676155624591,"Male","Juvenile"
"28","1990",0.192170194288975,"Male","Juvenile"
"28","1996",0.0975372193060785,"Male","Adult"
"28","1997",0.148785836823248,"Male","Adult"
"28","2001",0.0763872471800741,"Male","Adult"
"28","2002",0.192160090188476,"Male","Adult"
"28","2010",0.526170313208807,"Male","Adult"
"28","2013",0.213567243688157,"Male","Adult"
"280","1990",0.421052631578947,NA,"Adult"
"281","1990",0.285046728971963,NA,"Juvenile"
"282","1990",0.280186630198697,NA,"Adult"
"283","1990",0.256267409470752,"Male","Adult"
"285","1990",0.464583333333333,NA,"Adult"
"289","1990",0.316804513886212,"FemaleJ","Adult"
"29","1989",1e-06,NA,"Adult"
"29","1993",0.8125,NA,"Adult"
"290","1990",0.175597169199197,"FemaleJ","Adult"
"291","1990",0.135922330097087,"Male","Adult"
"293","1990",0.565875914195361,"Male","Adult"
"293","2001",0.211477205273762,"Male","Adult"
"293","2002",0.19718434082163,"Male","Adult"
"293","2011",0.220768472191339,"Male","Adult"
"293","2015",0.238192255477837,"Male","Adult"
"295","1990",0.181888246628131,NA,"Adult"
"3","1988",0.0370634354953671,"Male","Adult"
"3","1989",0.0347481813524852,"Male","Adult"
"3","1990",0.199346393752575,"Male","Adult"
"3","1994",0.232063520988465,"Male","Adult"
"3","1998",0.194877487448003,"Male","Adult"
"3","1999",0.348502144939931,"Male","Adult"
"3","2001",0.112090865789104,"Male","Adult"
"3","2002",0.102257288696674,"Male","Adult"
"3","2003",0.054849892855638,"Male","Adult"
"3009","2006",0.308888875102539,"Male","Adult"
"3009","2010",0.411966275355324,"Male","Adult"
"3009","2011",0.129738699661387,"Male","Adult"
"3009","2013",0.160901246470537,"Male","Adult"
"3009","2016",0.176059181705409,"Male","Adult"
"3012","2006",0.277556136283577,"Male","Adult"
"3012","2007",0.339231927710843,"Male","Adult"
"3012","2010",0.173230627977775,"Male","Adult"
"3012","2011",0.124513707709861,"Male","Adult"
"3012","2013",0.132257790955918,"Male","Adult"
"3012","2016",0.25227317928924,"Male","Adult"
"3012","2017",0.188381025352751,"Male","Adult"
"3013","2006",1e-06,NA,"Adult"
"3016","2011",0.182027318475917,"FemaleJ","Adult"
"3016","2013",0.106123158489418,"FemaleJ","Adult"
"3024","2006",1e-06,NA,"Adult"
"3025","2006",1e-06,NA,"Adult"
"3025","2010",0.176280812241254,NA,"Adult"
"3025","2011",0.160348921114499,NA,"Adult"
"303","1996",0.0836801259700821,"FemaleJ","Adult"
"303","1998",0.47930174563591,"FemaleJ","Adult"
"303","2011",0.236828625211732,"FemaleJ","Adult"
"303","2015",0.0997550508623153,"FemaleJ","Adult"
"303","2019",0.306568522784739,"FemaleJ","Adult"
"304","1990",0.417103504985096,NA,"Juvenile"
"305","1990",0.0641773628938156,NA,"Adult"
"305","1993",0.825,NA,"Adult"
"306","1990",1e-06,"FemaleJ","Adult"
"3082","2006",0.5,NA,"Adult"
"3085","2006",0.5,"FemaleJ","Juvenile"
"3086","2006",0.358442227597361,"FemaleJ","Adult"
"3086","2007",0.584415584415584,"FemaleJ","Adult"
"3086","2010",0.488505857230648,"FemaleJ","Adult"
"3086","2021",0.573407251843283,"FemaleJ","Adult"
"3087","2006",0.120689655172414,"FemaleJ","Adult"
"3098","2006",0.7421875,"Male","Adult"
"3098","2011",0.162772671907873,"Male","Adult"
"3098","2013",0.142368173024456,"Male","Adult"
"31","1989",0.346153846153846,NA,"Adult"
"3101","2006",0.653846153846154,NA,"Adult"
"3103","2006",0.4,NA,"Adult"
"3106","2006",0.25,NA,"Adult"
"3108","2006",0.571428571428571,NA,"Adult"
"313","1990",0.178752107925801,NA,"Adult"
"314","1990",0.118707260735779,"FemaleJ","Adult"
"315","1990",0.222222222222222,"FemaleJ","Adult"
"316","1990",0.105941555575174,"FemaleJ","Adult"
"317","1990",0.309460307159502,NA,"Adult"
"317","1993",0.506399182624531,NA,"Adult"
"317","1996",0.285133855307582,NA,"Adult"
"317","1997",0.241676612206264,NA,"Adult"
"317","2002",0.168873743691498,NA,"Adult"
"318","1990",0.191136878174142,NA,"Adult"
"32","1989",0.085995085995086,NA,"Adult"
"32","1990",0.340935446463085,NA,"Adult"
"32","1994",0.391608391608392,NA,"Adult"
"320","1990",0.489007652131665,NA,"Juvenile"
"322","1990",0.689119170984456,"FemaleJ","Adult"
"322","1994",0.509090909090909,"FemaleJ","Adult"
"328","1990",0.0654307524536532,"FemaleJ","Adult"
"329","1990",0.405569620253165,NA,"Adult"
"33","1989",0.0722562197121261,"Male","Adult"
"33","1996",0.0267985802872758,"Male","Adult"
"33","1998",0.120004633280186,"Male","Adult"
"33","1999",0.145265067467288,"Male","Adult"
"33","2001",0.113200278336139,"Male","Adult"
"33","2002",0.0471659000946943,"Male","Adult"
"33","2003",0.0125636642236759,"Male","Adult"
"330","1990",0.24578313253012,"FemaleJ","Adult"
"331","1990",0.664596273291925,NA,"Adult"
"332","1990",0.259872611464968,"FemaleJ","Adult"
"333","1990",0.500548847420417,NA,"Adult"
"337","1990",0.28735632183908,NA,"Adult"
"34","1989",1e-06,NA,"Adult"
"34","1990",1e-06,NA,"Adult"
"348","1990",0.38961038961039,NA,"Adult"
"355","1990",0.214438884917798,"Male","Adult"
"360","1990",1e-06,NA,"Adult"
"361","1990",0.999999,NA,"Adult"
"363","1990",0.523809523809524,NA,"Adult"
"363","1996",1e-06,NA,"Adult"
"37","1988",1e-06,"Male","Adult"
"37","1989",0.0206512418005989,"Male","Adult"
"37","1990",0.230943273294952,"Male","Adult"
"37","1996",0.0586181968666554,"Male","Adult"
"37","1997",0.152305381415498,"Male","Adult"
"37","1998",0.15075444311421,"Male","Adult"
"37","1999",0.0728462323506244,"Male","Adult"
"37","2001",0.091458936392197,"Male","Adult"
"37","2002",0.0504626003624538,"Male","Adult"
"370","1990",1e-06,NA,"Adult"
"374","1990",0.363636363636364,NA,"Adult"
"375","1990",0.363636363636364,NA,"Adult"
"380","1990",0.148777895855473,NA,"Adult"
"384","1990",0.999999,NA,"Adult"
"385","1990",0.737265415549598,"FemaleJ","Adult"
"385","1994",0.5,"FemaleJ","Adult"
"386","1990",0.8,"FemaleJ","Adult"
"389","1990",0.564102564102564,"FemaleJ","Adult"
"39","1989",1e-06,NA,"Adult"
"390","1990",0.351904656720014,"FemaleJ","Juvenile"
"390","1994",0.419616557283861,"FemaleJ","Adult"
"390","1995",0.999999,"FemaleJ","Adult"
"391","1990",1e-06,NA,"Adult"
"394","1990",1e-06,NA,"Juvenile"
"395","1990",1e-06,NA,"Adult"
"399","1990",0.385852090032154,"FemaleJ","Adult"
"40","1989",1e-06,NA,"Adult"
"40","1990",0.480712166172107,NA,"Adult"
"405","1990",0.999999,NA,"Adult"
"406","1990",0.299290919834548,"FemaleJ","Adult"
"407","1990",0.396878803063927,"FemaleJ","Adult"
"407","1995",0.39873417721519,"FemaleJ","Adult"
"407","1996",0.173841059602649,"FemaleJ","Adult"
"409","1990",0.295338349080859,"FemaleJ","Adult"
"409","1993",0.482027573847652,"FemaleJ","Adult"
"409","1996",0.253490924247606,"FemaleJ","Adult"
"409","1997",0.207589567101529,"FemaleJ","Adult"
"409","1998",0.181994590660016,"FemaleJ","Adult"
"409","2002",0.170714303096746,"FemaleJ","Adult"
"409","2011",0.220537564566004,"FemaleJ","Adult"
"409","2016",0.339295098808202,"FemaleJ","Adult"
"409","2019",0.241358801195824,"FemaleJ","Adult"
"409","2021",0.276402323775802,"FemaleJ","Adult"
"409","2023",0.283077087373758,"FemaleJ","Adult"
"41","1989",1e-06,NA,"Adult"
"4103","2006",0.49441000123726,"Male","Adult"
"4103","2007",0.390674647158797,"Male","Adult"
"4103","2010",0.159953594632797,"Male","Adult"
"4103","2011",0.121091011674851,"Male","Adult"
"4103","2013",0.0603879523767752,"Male","Adult"
"4103","2015",0.313587922685843,"Male","Adult"
"4103","2016",0.207256741572154,"Male","Adult"
"4103","2017",0.0936046549490039,"Male","Adult"
"4103","2019",0.444933825400793,"Male","Adult"
"4103","2021",0.682134265964703,"Male","Adult"
"4104","2007",0.999999,"Male","Adult"
"4104","2015",0.135769394783951,"Male","Adult"
"4104","2016",0.0373253833457011,"Male","Adult"
"4104","2019",0.123945412490644,"Male","Adult"
"4107","2007",0.5,NA,"Adult"
"4108","2007",0.5,NA,"Adult"
"4111","2007",0.571428571428571,NA,"Adult"
"4113","2007",0.340659340659341,"FemaleJ","Adult"
"4113","2010",0.602640992321944,"FemaleJ","Adult"
"4113","2015",0.418750515020366,"FemaleJ","Adult"
"4113","2016",0.388574920126211,"FemaleJ","Adult"
"4114","2007",0.294117647058823,"FemaleJ","Adult"
"4114","2010",0.372502470529214,"FemaleJ","Adult"
"4114","2011",0.282042575751443,"FemaleJ","Adult"
"4116","2007",0.8,NA,"Adult"
"4117","2007",0.340659340659341,"FemaleJ","Adult"
"4117","2010",0.423676127195325,"FemaleJ","Adult"
"4117","2011",0.217808374757518,"FemaleJ","Adult"
"4117","2016",0.334346011298103,"FemaleJ","Adult"
"4118","2007",0.294117647058823,"FemaleJ","Adult"
"4118","2010",0.59748427672956,"FemaleJ","Adult"
"4119","2007",1e-06,NA,"Adult"
"4120","2007",1e-06,NA,"Adult"
"413","1990",0.183583755957633,"Male","Adult"
"413","1996",0.0809898358136792,"Male","Adult"
"413","1997",0.223446729558253,"Male","Adult"
"413","1998",0.131824874426819,"Male","Adult"
"413","1999",0.111608805636855,"Male","Adult"
"413","2002",0.0556468265906048,"Male","Adult"
"413","2003",0.0270123675487375,"Male","Adult"
"418","1990",0.292517452721969,"FemaleJ","Adult"
"418","1991",1e-06,"FemaleJ","Adult"
"418","1993",0.68609865470852,"FemaleJ","Adult"
"418","1996",1e-06,"FemaleJ","Adult"
"42","1989",1e-06,NA,"Adult"
"420","1990",0.16044776119403,"FemaleJ","Adult"
"4200","2008",1e-06,NA,"Adult"
"4201","2008",1e-06,NA,"Adult"
"4203","2008",1e-06,"FemaleJ","Adult"
"4203","2010",0.333129775561149,"FemaleJ","Adult"
"4203","2011",0.265530066256397,"FemaleJ","Adult"
"4203","2015",0.432950788248018,"FemaleJ","Adult"
"4203","2016",0.406771046291319,"FemaleJ","Adult"
"4203","2019",0.426504717082439,"FemaleJ","Adult"
"4203","2023",0.652481769658752,"FemaleJ","Adult"
"4206","2008",0.333333333333333,"FemaleJ","Adult"
"4206","2010",0.318810007130131,"FemaleJ","Adult"
"4206","2011",0.240901941437522,"FemaleJ","Adult"
"4207","2008",0.333333333333333,"FemaleJ","Adult"
"4208","2008",0.666666666666667,NA,"Adult"
"425","1990",0.238877118644068,NA,"Adult"
"427","1990",0.214868395227815,NA,"Adult"
"427","1996",1e-06,NA,"Adult"
"43","1988",1e-06,NA,"Adult"
"43","1989",1e-06,NA,"Adult"
"43","1990",1e-06,NA,"Adult"
"432","1990",0.249640781170016,NA,"Adult"
"432","1993",0.28127600554785,NA,"Adult"
"433","1990",0.24894173115359,NA,"Adult"
"433","1993",0.296851574212893,NA,"Adult"
"435","1990",0.410546838733637,NA,"Juvenile"
"436","1990",0.258224705152079,NA,"Adult"
"437","1990",0.37791932059448,"FemaleJ","Juvenile"
"440","1990",0.273177027317703,"FemaleJ","Adult"
"448","1990",0.28052805280528,NA,"Adult"
"449","1990",0.12545635579157,NA,"Juvenile"
"45","1989",0.171191356602603,"Male","Adult"
"45","1990",0.119919322247711,"Male","Adult"
"45","1993",0.387228626884427,"Male","Adult"
"45","1994",0.276974036364864,"Male","Adult"
"45","1996",0.0822838843901322,"Male","Adult"
"45","1997",0.154464380696759,"Male","Adult"
"45","1998",0.21497040879269,"Male","Adult"
"45","1999",0.359065665128852,"Male","Adult"
"45","2001",0.162282518752083,"Male","Adult"
"45","2002",0.159646414562176,"Male","Adult"
"45","2003",0.0376721578583467,"Male","Adult"
"45","2010",0.457832682685602,"Male","Adult"
"45","2011",0.252809954641905,"Male","Adult"
"45","2013",0.0553414514125388,"Male","Adult"
"45","2015",0.483166410660016,"Male","Adult"
"45","2016",0.272885639893946,"Male","Adult"
"45","2019",0.410590732947258,"Male","Adult"
"450","1990",0.4,NA,"Juvenile"
"4513","2009",0.999999,"FemaleJ","Adult"
"4513","2010",0.341835886477195,"FemaleJ","Adult"
"4513","2011",0.362661084667223,"FemaleJ","Adult"
"4513","2013",0.0770004895167912,"FemaleJ","Adult"
"4513","2015",0.288733999484086,"FemaleJ","Adult"
"4513","2016",0.423650395881218,"FemaleJ","Adult"
"4513","2021",0.418165732817435,"FemaleJ","Adult"
"4513","2023",0.436641312737662,"FemaleJ","Adult"
"4514","2009",0.999999,"FemaleJ","Adult"
"4514","2010",0.80555989456974,"FemaleJ","Adult"
"4514","2011",0.594767689456227,"FemaleJ","Adult"
"452","1990",0.485549132947977,"Male","Adult"
"453","1990",0.346153846153846,NA,"Adult"
"46","1989",0.143620340199585,NA,"Adult"
"46","1990",0.332024570958141,NA,"Adult"
"461","1990",1e-06,NA,"Adult"
"462","1990",0.281771005851827,"FemaleJ","Adult"
"464","1990",1e-06,NA,"Adult"
"465","1990",1e-06,NA,"Adult"
"466","1990",1e-06,NA,"Juvenile"
"466","1996",0.223053542202478,NA,"Adult"
"467","1990",1e-06,NA,"Adult"
"468","1990",1e-06,NA,"Adult"
"47","1989",0.104907768554214,"FemaleJ","Adult"
"47","1990",0.194396766523697,"FemaleJ","Adult"
"470","1990",1e-06,NA,"Adult"
"473","1990",1e-06,NA,"Adult"
"477","1990",1e-06,"FemaleJ","Adult"
"478","1990",0.999999,NA,"Adult"
"479","1990",0.210526315789474,NA,"Adult"
"480","1990",0.143901916679248,"Male","Adult"
"480","1996",0.114692855723676,"Male","Adult"
"480","1997",0.330605561107672,"Male","Adult"
"480","1998",0.286080493702559,"Male","Adult"
"480","1999",0.15924385375425,"Male","Adult"
"480","2001",0.0670980587412856,"Male","Adult"
"480","2002",0.0744133253099497,"Male","Adult"
"480","2003",0.0102385354601554,"Male","Adult"
"480","2010",0.205047365292488,"Male","Adult"
"480","2011",0.116955132934029,"Male","Adult"
"480","2013",0.149079914475585,"Male","Adult"
"483","1990",0.333333333333333,NA,"Adult"
"484","1990",1e-06,"FemaleJ","Adult"
"488","1990",0.209345794392523,NA,"Adult"
"49","1989",0.16289592760181,NA,"Juvenile"
"494","1990",0.242587601078167,"Male","Adult"
"496","1990",0.0886524822695035,"Male","Adult"
"498","1990",1e-06,NA,"Adult"
"5","1989",0.078105332891686,NA,"Adult"
"5","1990",0.634942522639583,NA,"Adult"
"5","1993",0.302144382575795,NA,"Adult"
"5","1997",0.418105101649405,NA,"Adult"
"5","2001",0.0861045555317171,NA,"Adult"
"50","1989",0.237816764132554,NA,"Adult"
"5001","2011",0.264243502773698,"Male","Adult"
"5001","2015",0.270734718236742,"Male","Adult"
"5001","2016",0.334668454299776,"Male","Adult"
"5002","2011",0.309682775507296,"FemaleJ","Adult"
"5002","2015",0.257009602849592,"FemaleJ","Adult"
"5002","2016",0.460994424932844,"FemaleJ","Adult"
"5003","2010",0.241783211420627,"Male","Adult"
"5003","2011",0.153458929116073,"Male","Adult"
"5003","2015",0.330771254961829,"Male","Adult"
"5003","2016",0.22785166711318,"Male","Adult"
"5003","2017",0.186273045526753,"Male","Adult"
"5003","2019",0.266958881701745,"Male","Adult"
"5003","2023",0.122793784643272,"Male","Adult"
"5005","2011",0.333333333333333,NA,"Adult"
"5006","2011",0.428571428571429,NA,"Adult"
"5007","2011",1e-06,"FemaleJ","Adult"
"5009","2010",0.316095194449495,"FemaleJ","Adult"
"5009","2011",0.342369568002969,"FemaleJ","Adult"
"5009","2013",0.0735888842259647,"FemaleJ","Adult"
"501","1990",1e-06,NA,"Adult"
"5011","2011",0.199572344975053,"FemaleJ","Adult"
"5015","2011",0.482758620689655,"FemaleJ","Adult"
"5016","2011",0.573492094475893,"FemaleJ","Adult"
"5018","2011",0.121977978986319,"Male","Adult"
"5018","2015",0.154262988536336,"Male","Adult"
"5018","2016",0.232022567239452,"Male","Adult"
"5018","2019",0.150012601485404,"Male","Adult"
"5019","2010",0.427955021094045,"Male","Adult"
"5019","2011",0.119416086054142,"Male","Adult"
"5019","2016",0.290526605360107,"Male","Adult"
"5019","2019",0.120439525255614,"Male","Adult"
"5021","2011",0.252636742702968,NA,"Adult"
"5024","2011",0.303933748615674,"FemaleJ","Adult"
"5024","2015",0.234757872153915,"FemaleJ","Adult"
"5024","2016",0.295004338136685,"FemaleJ","Adult"
"5025","2010",0.625735614744379,"FemaleJ","Adult"
"5025","2011",0.463558465453377,"FemaleJ","Adult"
"5025","2015",0.54077831254305,"FemaleJ","Adult"
"5025","2016",0.551685271228393,"FemaleJ","Adult"
"5025","2019",0.571991960692461,"FemaleJ","Adult"
"5026","2010",0.249175544140867,"FemaleJ","Adult"
"5026","2011",0.374074256969849,"FemaleJ","Adult"
"5027","2011",0.470995231637309,"FemaleJ","Adult"
"5027","2013",0.806986899563319,"FemaleJ","Adult"
"5028","2010",0.351219151868258,"FemaleJ","Adult"
"5028","2011",0.271933142246983,"FemaleJ","Adult"
"5029","2010",0.320531317590111,"FemaleJ","Adult"
"5029","2011",0.37443224569646,"FemaleJ","Adult"
"5029","2015",0.492998142900483,"FemaleJ","Adult"
"5029","2016",0.519867122076466,"FemaleJ","Adult"
"5031","2010",0.25160643258948,"Male","Adult"
"5031","2011",0.132899479868898,"Male","Adult"
"5032","2010",0.307527562344515,"FemaleJ","Adult"
"5032","2011",0.181400470720777,"FemaleJ","Adult"
"5033","2010",0.204742055947816,"FemaleJ","Adult"
"5033","2011",0.10952684152547,"FemaleJ","Adult"
"5035","2010",0.298601985445974,"Male","Adult"
"5035","2011",0.133801035963018,"Male","Adult"
"5035","2013",0.314072056953591,"Male","Adult"
"5035","2015",0.256596714822034,"Male","Adult"
"5035","2016",0.242976364160142,"Male","Adult"
"5035","2019",0.214089411620015,"Male","Adult"
"5036","2010",0.296043745065934,"Male","Adult"
"5036","2011",0.180224226005892,"Male","Adult"
"5036","2013",0.242759330305046,"Male","Adult"
"5036","2015",0.216825672128463,"Male","Adult"
"5036","2016",0.184658989421543,"Male","Adult"
"5036","2019",0.260503755536971,"Male","Adult"
"5039","2010",0.231149784653096,"Male","Adult"
"5039","2011",0.329081085883405,"Male","Adult"
"504","1990",1e-06,"Male","Adult"
"5041","2011",0.212104981253348,"FemaleJ","Adult"
"5043","2011",1e-06,"FemaleJ","Adult"
"5044","2010",0.199537419404899,"Male","Adult"
"5044","2011",0.300095502425102,"Male","Adult"
"5045","2011",0.35708692247455,NA,"Adult"
"5047","2011",0.592476489028213,NA,"Adult"
"5049","2011",0.147984512308814,"Male","Adult"
"5052","2011",0.40387163821572,"FemaleJ","Adult"
"5053","2011",0.709677419354839,"FemaleJ","Adult"
"5059","2011",0.215947750732063,"Male","Adult"
"5059","2015",0.146273676707017,"Male","Adult"
"5059","2016",0.284454908337746,"Male","Adult"
"5059","2019",0.223192094215449,"Male","Adult"
"5059","2023",0.169692934597681,"Male","Adult"
"506","1993",0.627659574468085,"FemaleJ","Adult"
"5061","2011",0.185108929356152,"Male","Adult"
"5061","2015",0.190571806064868,"Male","Adult"
"5061","2016",0.419013699559631,"Male","Adult"
"5063","2011",0.350929814037193,"Male","Adult"
"5064","2011",0.353180681794993,"FemaleJ","Adult"
"5064","2016",0.289920889696033,"FemaleJ","Adult"
"5064","2021",0.469645581543712,"FemaleJ","Adult"
"5064","2023",0.488046266400501,"FemaleJ","Adult"
"5065","2011",0.134968235645499,NA,"Adult"
"5066","2011",0.337552742616034,"Male","Adult"
"5067","2010",0.249445961473891,"Male","Adult"
"5067","2011",0.225743516258919,"Male","Adult"
"5067","2016",0.222772303769285,"Male","Adult"
"5067","2017",0.257183527727119,"Male","Adult"
"5067","2019",0.261002415410657,"Male","Adult"
"5067","2023",0.118083473371206,"Male","Adult"
"5068","2011",0.136052611695886,"Male","Adult"
"5068","2015",0.0889650687655848,"Male","Adult"
"5068","2016",0.136344723661371,"Male","Adult"
"5068","2019",0.315013826871605,"Male","Adult"
"5068","2021",0.554042545765786,"Male","Adult"
"5068","2023",0.47852947991554,"Male","Adult"
"5069","2010",0.408699379879828,NA,"Adult"
"5069","2011",0.310895454144631,NA,"Adult"
"507","1990",0.404202756798725,"FemaleJ","Adult"
"507","1993",0.15563981042654,"FemaleJ","Adult"
"507","1996",0.44670510708402,"FemaleJ","Adult"
"507","1997",0.205301267132144,"FemaleJ","Adult"
"507","2001",0.134135193649266,"FemaleJ","Adult"
"5071","2011",0.110042830661091,"Male","Adult"
"5071","2015",0.262450684401612,"Male","Adult"
"5071","2016",0.251872107897687,"Male","Adult"
"5071","2017",0.091265303845832,"Male","Adult"
"5075","2010",0.240796132478883,"Male","Adult"
"5075","2011",0.132292336990919,"Male","Adult"
"5075","2015",0.274940023245198,"Male","Adult"
"5075","2016",0.17028028054319,"Male","Adult"
"5078","2010",0.495844310884009,"FemaleJ","Adult"
"5078","2013",0.216325906084948,"FemaleJ","Adult"
"5078","2015",0.433935135878063,"FemaleJ","Adult"
"5078","2016",0.396956437719899,"FemaleJ","Adult"
"5078","2019",0.358676942744552,"FemaleJ","Adult"
"5078","2021",0.606025830760324,"FemaleJ","Adult"
"5078","2023",0.497248415643941,"FemaleJ","Adult"
"5079","2011",0.390635596668746,"FemaleJ","Adult"
"508","1990",0.12565445026178,NA,"Adult"
"508","1994",0.615384615384615,NA,"Adult"
"5080","2010",0.433322110338987,"FemaleJ","Adult"
"5080","2011",0.386963143682699,"FemaleJ","Adult"
"5080","2013",0.297951271728974,"FemaleJ","Adult"
"5080","2015",0.34844604239507,"FemaleJ","Adult"
"5080","2016",0.421057159607055,"FemaleJ","Adult"
"5080","2019",0.367060350217773,"FemaleJ","Adult"
"5080","2023",0.520812368951662,"FemaleJ","Adult"
"5081","2011",0.479663394109397,"FemaleJ","Adult"
"5088","2010",0.493538721743493,"FemaleJ","Adult"
"5088","2011",0.542946166458995,"FemaleJ","Adult"
"509","1990",0.132335565183143,"Male","Adult"
"509","1997",0.202898550724638,"Male","Adult"
"5090","2011",0.877809351588737,"FemaleJ","Juvenile"
"5091","2011",0.521690403219344,"FemaleJ","Adult"
"5091","2016",0.364013463956109,"FemaleJ","Adult"
"5092","2010",0.816575808279808,"FemaleJ","Adult"
"5092","2011",0.428141284816071,"FemaleJ","Adult"
"5092","2015",0.696977428137531,"FemaleJ","Adult"
"5092","2019",0.296149024336558,"FemaleJ","Adult"
"5099","2011",0.144441871236684,"FemaleJ","Adult"
"51","1989",0.0697867626696206,"FemaleJ","Juvenile"
"51","1990",0.222528283325135,"FemaleJ","Adult"
"510","1990",0.765625,NA,"Adult"
"5103","2011",0.166623275188753,"FemaleJ","Juvenile"
"5104","2010",0.219427090417703,"Male","Adult"
"5104","2011",0.100203454692241,"Male","Adult"
"5104","2013",0.0228447381927646,"Male","Adult"
"5104","2015",0.189886665997607,"Male","Adult"
"5104","2016",0.140239641269649,"Male","Adult"
"5106","2010",0.488558597353405,"FemaleJ","Adult"
"5106","2011",0.530150728735505,"FemaleJ","Adult"
"5108","2011",0.28047390115668,"FemaleJ","Adult"
"5108","2016",0.303351168745255,"FemaleJ","Adult"
"5108","2021",0.25373462389158,"FemaleJ","Adult"
"5108","2023",0.527736352056249,"FemaleJ","Adult"
"5109","2010",0.584919799449701,NA,"Adult"
"5109","2011",0.2840213672391,NA,"Adult"
"5109","2015",0.216651087468319,NA,"Adult"
"5109","2019",0.345715755201052,NA,"Adult"
"5109","2021",0.219697386431569,NA,"Adult"
"5109","2023",0.505874255022393,NA,"Adult"
"5110","2011",0.380035026269702,NA,"Adult"
"5111","2010",0.52688184807512,"Male","Adult"
"5111","2011",0.299775238816219,"Male","Adult"
"5111","2015",0.302700437051183,"Male","Adult"
"5111","2016",0.281437295439484,"Male","Adult"
"5111","2019",0.234264297022025,"Male","Adult"
"5111","2021",0.257221881727274,"Male","Adult"
"5112","2010",0.340259617693983,"FemaleJ","Adult"
"5112","2011",0.249065276367297,"FemaleJ","Adult"
"5112","2016",0.526332437058164,"FemaleJ","Adult"
"5112","2019",0.457227460934448,"FemaleJ","Adult"
"5113","2010",0.29793003961367,"FemaleJ","Adult"
"5113","2011",0.26563932629675,"FemaleJ","Adult"
"5114","2010",0.503793658467947,"Male","Adult"
"5114","2011",0.289953134035572,"Male","Adult"
"5114","2015",0.252536964431277,"Male","Adult"
"5114","2016",0.327049472610884,"Male","Adult"
"5114","2019",0.24051743310372,"Male","Adult"
"5114","2021",0.24689796447073,"Male","Adult"
"5114","2023",0.482553971789132,"Male","Adult"
"5115","2011",0.580246913580247,"FemaleJ","Adult"
"5116","2011",0.494252873563218,"FemaleJ","Adult"
"5117","2011",0.258007898200965,NA,"Adult"
"5118","2011",0.307941653160454,NA,"Adult"
"5119","2011",0.340479192938209,NA,"Adult"
"5123","2011",0.359602142310635,NA,"Adult"
"5124","2011",0.395833333333333,NA,"Adult"
"5125","2011",0.302040816326531,NA,"Juvenile"
"5126","2011",0.463968410661402,"FemaleJ","Juvenile"
"5127","2010",0.414126698026709,"Male","Adult"
"5127","2011",0.124793471381966,"Male","Adult"
"5127","2015",0.297678255218361,"Male","Adult"
"5127","2016",0.291816054301903,"Male","Adult"
"5127","2023",0.253371817356545,"Male","Adult"
"5128","2011",0.421200870567149,"FemaleJ","Adult"
"5129","2011",0.353416358128576,NA,"Adult"
"5130","2010",0.468634197988354,"FemaleJ","Adult"
"5130","2011",0.209083654279865,"FemaleJ","Adult"
"5131","2011",0.252310536044362,"FemaleJ","Adult"
"5132","2011",0.449373701190599,NA,"Adult"
"5132","2015",0.339599080826665,NA,"Adult"
"5132","2016",0.403940242916302,NA,"Adult"
"5132","2019",0.365737905954709,NA,"Adult"
"5132","2021",0.389281153688613,NA,"Adult"
"5133","2011",0.284226928371762,NA,"Adult"
"5133","2015",0.277214415149588,NA,"Adult"
"5135","2011",0.202418506834911,"FemaleJ","Adult"
"5135","2015",0.140866873065015,"FemaleJ","Adult"
"5136","2011",0.335570469798658,"FemaleJ","Adult"
"5137","2010",0.5224688684353,"Male","Adult"
"5137","2011",0.213808607332891,"Male","Adult"
"5139","2011",0.351197263397948,NA,"Adult"
"5140","2011",0.666666666666667,NA,"Adult"
"5141","2011",0.472222222222222,NA,"Adult"
"5142","2011",0.339622641509434,NA,"Adult"
"5144","2010",0.47501077361336,"FemaleJ","Adult"
"5144","2011",0.353254788105762,"FemaleJ","Adult"
"5144","2016",0.590993964264281,"FemaleJ","Adult"
"5145","2011",0.366787585650947,NA,"Adult"
"5146","2011",0.198113791426593,NA,"Adult"
"5147","2011",1e-06,NA,"Adult"
"5148","2010",0.64228047722294,NA,"Adult"
"5148","2011",0.217859657694467,NA,"Adult"
"5149","2011",0.558823529411765,NA,"Adult"
"5150","2011",0.274240940254652,NA,"Adult"
"5151","2011",0.323325635103926,NA,"Adult"
"5154","2010",0.572992700729927,NA,"Adult"
"5154","2011",0.250642529891608,NA,"Adult"
"5158","2010",0.315622554792144,"Male","Adult"
"5158","2011",0.0800940562427586,"Male","Adult"
"5158","2015",0.305365140109648,"Male","Adult"
"5158","2016",0.197298978415178,"Male","Adult"
"5158","2017",0.145712388355938,"Male","Adult"
"5159","2011",0.169533308192486,"Male","Adult"
"5159","2013",0.112454656771498,"Male","Adult"
"5159","2016",0.171821885116975,"Male","Adult"
"5159","2017",0.100285186049402,"Male","Adult"
"5161","2010",0.448989230557565,"Male","Adult"
"5161","2011",0.158534107669725,"Male","Adult"
"5163","2011",0.87335092348285,NA,"Adult"
"5165","2010",0.228069984793453,"Male","Adult"
"5165","2011",0.149011484620463,"Male","Adult"
"5165","2013",0.16174599324389,"Male","Adult"
"5165","2015",0.319174559067279,"Male","Adult"
"5165","2016",0.225041333828559,"Male","Adult"
"5165","2017",0.18529374533737,"Male","Adult"
"5166","2011",0.609375,"FemaleJ","Adult"
"5168","2011",0.589676290463692,"FemaleJ","Adult"
"5169","2011",0.5,NA,"Adult"
"5170","2011",0.294736842105263,"FemaleJ","Adult"
"5172","2011",0.315262718932444,NA,"Adult"
"5173","2011",0.488372093023256,NA,"Adult"
"5179","2011",0.197629173830423,NA,"Adult"
"518","1990",0.252563814113497,NA,"Adult"
"518","1998",0.478891230637168,NA,"Adult"
"5180","2011",0.352504638218924,"FemaleJ","Adult"
"5183","2011",0.37037037037037,"FemaleJ","Adult"
"5184","2010",0.293265340934766,"FemaleJ","Adult"
"5184","2011",0.357677484817572,"FemaleJ","Adult"
"5185","2011",0.348837209302326,"FemaleJ","Adult"
"5189","2011",0.476190476190476,"FemaleJ","Adult"
"5191","2011",0.435082872928177,"FemaleJ","Adult"
"5193","2010",0.468656109320088,"FemaleJ","Adult"
"5193","2011",0.302962066126137,"FemaleJ","Adult"
"5194","2011",0.375085921845773,"Male","Adult"
"5194","2013",0.156087179215458,"Male","Adult"
"5194","2015",0.271250524361289,"Male","Adult"
"5194","2016",0.327605257610563,"Male","Adult"
"5194","2019",0.25441716449794,"Male","Adult"
"5194","2021",0.284669591959487,"Male","Adult"
"5196","2011",0.413793103448276,NA,"Adult"
"5197","2011",0.414258188824663,NA,"Adult"
"5198","2011",0.334728033472803,NA,"Adult"
"5199","2011",0.506713213272424,"FemaleJ","Adult"
"5199","2021",0.449371782070096,"FemaleJ","Adult"
"5199","2023",0.752550134654703,"FemaleJ","Adult"
"52","1989",0.30939226519337,NA,"Juvenile"
"5201","2011",0.459770114942529,NA,"Adult"
"5202","2011",0.201307189542484,NA,"Adult"
"5203","2011",0.5625,NA,"Adult"
"5204","2011",0.333333333333333,NA,"Adult"
"5205","2011",0.203225806451613,NA,"Adult"
"5206","2011",0.405333996690751,"FemaleJ","Adult"
"5206","2015",0.265080819162403,"FemaleJ","Adult"
"5206","2017",0.294235807860262,"FemaleJ","Adult"
"5206","2019",0.291637982379468,"FemaleJ","Adult"
"5208","2011",0.822335025380711,NA,"Adult"
"5214","2011",0.999999,NA,"Adult"
"5217","2011",0.122423485321674,NA,"Adult"
"5220","2011",0.999999,"FemaleJ","Adult"
"5221","2011",0.428571428571429,NA,"Adult"
"5222","2011",1e-06,NA,"Adult"
"5223","2010",0.302406622711582,"FemaleJ","Adult"
"5228","2011",0.999999,NA,"Adult"
"5229","2011",0.23900264524346,"FemaleJ","Juvenile"
"5229","2013",0.101587238562254,"FemaleJ","Adult"
"5229","2015",0.587933753943218,"FemaleJ","Adult"
"531","1990",0.289882469608733,"FemaleJ","Adult"
"531","1993",0.503300192093815,"FemaleJ","Adult"
"531","1994",0.0951775320155245,"FemaleJ","Adult"
"531","1995",0.999999,"FemaleJ","Adult"
"531","1996",0.162215159294427,"FemaleJ","Adult"
"531","1999",0.397037151398896,"FemaleJ","Adult"
"531","2001",0.163748537436875,"FemaleJ","Adult"
"531","2002",0.416493637826104,"FemaleJ","Adult"
"531","2006",0.503767512772573,"FemaleJ","Adult"
"531","2011",0.378238425913812,"FemaleJ","Adult"
"531","2015",0.359099710301709,"FemaleJ","Adult"
"531","2016",0.439204811276683,"FemaleJ","Adult"
"532","1990",0.546558704453441,NA,"Adult"
"537","1990",1e-06,NA,"Juvenile"
"54","1989",0.21465022573012,"FemaleJ","Adult"
"54","1990",0.266614129573201,"FemaleJ","Adult"
"54","1993",0.493066096922494,"FemaleJ","Adult"
"54","1995",0.999999,"FemaleJ","Adult"
"54","1996",0.447843855600487,"FemaleJ","Adult"
"54","1997",0.248133081159247,"FemaleJ","Adult"
"54","1998",0.307575817588041,"FemaleJ","Adult"
"54","1999",0.234170656600776,"FemaleJ","Adult"
"54","2003",0.439342076329762,"FemaleJ","Adult"
"54","2006",0.447487132878189,"FemaleJ","Adult"
"54","2010",0.441459247937453,"FemaleJ","Adult"
"54","2011",0.195311176431222,"FemaleJ","Adult"
"54","2013",0.12534188539865,"FemaleJ","Adult"
"54","2015",0.251867383128398,"FemaleJ","Adult"
"54","2016",0.327377452113805,"FemaleJ","Adult"
"54","2019",0.253827586856168,"FemaleJ","Adult"
"54","2021",0.38984901603998,"FemaleJ","Adult"
"544","1990",0.765625,NA,"Adult"
"545","1990",1e-06,NA,"Adult"
"547","1990",0.728318160038332,"FemaleJ","Adult"
"549","1990",0.23073500439742,"Male","Adult"
"549","1994",1e-06,"Male","Adult"
"549","1996",0.0384080658743685,"Male","Adult"
"549","1998",0.0551332535587628,"Male","Adult"
"549","1999",0.123170079351043,"Male","Adult"
"549","2002",0.0432502353624886,"Male","Adult"
"554","1990",0.196078431372549,NA,"Adult"
"555","1990",0.5,NA,"Adult"
"558","1990",1e-06,"Male","Adult"
"56","2006",0.821643286573146,NA,"Adult"
"561","1990",1e-06,NA,"Adult"
"562","1990",1e-06,"Male","Adult"
"563","1990",1e-06,NA,"Adult"
"56R","1998",0.999999,NA,"Adult"
"57","1989",0.078471862278354,NA,"Adult"
"57","1990",0.26821315981926,NA,"Adult"
"57","1996",0.180463525410238,NA,"Adult"
"57","2001",0.0273884669451687,NA,"Adult"
"572","1991",0.999999,NA,"Adult"
"59","1990",0.131845141982828,"FemaleJ","Juvenile"
"59","1997",0.141464061093656,"FemaleJ","Adult"
"5908","2010",0.458715596330275,"FemaleJ","Juvenile"
"5910","2010",0.537254901960784,NA,"Juvenile"
"5919","2010",0.374367471228337,"FemaleJ","Adult"
"5926","2010",0.530415817173202,NA,"Adult"
"5963","2010",0.627978794585414,NA,"Adult"
"5963","2013",0.17076797790603,NA,"Adult"
"5986","2010",0.33976833976834,NA,"Adult"
"6","1989",0.181818181818182,NA,"Adult"
"6000","2013",0.197407480704532,"Male","Adult"
"6001","2013",0.151477832512315,"Male","Adult"
"6002","2013",1e-06,"FemaleJ","Adult"
"6002","2016",0.534865816102068,"FemaleJ","Adult"
"6003","2013",0.287823309442194,"Male","Adult"
"6003","2016",0.306405565066999,"Male","Adult"
"6003","2019",0.227481176811915,"Male","Adult"
"6004","2013",0.272285251215559,"FemaleJ","Adult"
"6005","2013",1e-06,"Male","Adult"
"6006","2013",0.172043010752688,"FemaleJ","Adult"
"6008","2013",0.522935779816514,NA,"Adult"
"6008","2019",0.411764705882353,NA,"Adult"
"6009","2013",1e-06,NA,"Adult"
"6010","2013",0.29963932075728,NA,"Adult"
"6010","2015",0.344001152960245,NA,"Adult"
"6010","2016",0.359744053725236,NA,"Adult"
"6010","2023",0.484636470118566,NA,"Juvenile"
"6011","2013",0.0932007811113084,"FemaleJ","Adult"
"6012","2013",0.545454545454545,NA,"Adult"
"6013","2013",0.661016949152542,NA,"Adult"
"6014","2013",0.284829721362229,"Male","Adult"
"6015","2013",0.190927388988539,NA,"Adult"
"6015","2015",0.149369205236033,NA,"Adult"
"6016","2013",0.205488733562587,"Male","Adult"
"6016","2015",0.171647239091544,"Male","Adult"
"6016","2016",0.218131574922531,"Male","Adult"
"6016","2017",0.0939492635044462,"Male","Adult"
"6017","2013",1e-06,"Male","Adult"
"6017","2015",0.174529676521063,"Male","Adult"
"6017","2016",0.179065323818538,"Male","Adult"
"6017","2017",0.0737327188940092,"Male","Adult"
"6018","2013",0.271493212669683,NA,"Adult"
"6019","2013",1e-06,NA,"Adult"
"6020","2013",1e-06,NA,"Adult"
"6021","2013",0.2791882851785,NA,"Adult"
"6021","2016",0.433280060771277,NA,"Adult"
"6021","2019",0.439583987983166,NA,"Adult"
"6021","2021",0.274937867686648,NA,"Adult"
"6022","2013",0.214300020927473,NA,"Adult"
"6022","2015",0.290860036339789,NA,"Adult"
"6022","2016",0.347456938238736,NA,"Adult"
"6022","2021",0.702845512586964,NA,"Adult"
"6022","2023",0.575968862356814,NA,"Adult"
"6023","2013",0.208333333333333,NA,"Adult"
"6024","2013",0.0671140939597315,NA,"Adult"
"6024","2023",0.5,NA,"Adult"
"6025","2013",0.0968153967947737,"FemaleJ","Adult"
"6025","2015",0.206149717809686,"FemaleJ","Adult"
"6025","2016",0.144510949874645,"FemaleJ","Adult"
"6025","2017",0.106421860555114,"FemaleJ","Adult"
"6026","2013",0.471031417162661,"FemaleJ","Adult"
"6026","2015",0.323947986147711,"FemaleJ","Adult"
"6026","2016",0.309902320349944,"FemaleJ","Adult"
"6026","2017",0.49065087852744,"FemaleJ","Adult"
"6026","2019",0.298858857065155,"FemaleJ","Adult"
"6026","2021",0.466456129561439,"FemaleJ","Adult"
"6027","2013",0.102389078498294,NA,"Adult"
"6027","2015",0.310363247863248,NA,"Adult"
"6027","2017",0.27741935483871,NA,"Adult"
"6028","2013",0.418277680140598,NA,"Adult"
"6031","2013",0.316882655778448,NA,"Adult"
"6033","2013",0.625,NA,"Adult"
"6034","2013",1e-06,NA,"Adult"
"6035","2013",0.307692307692308,"Male","Adult"
"604","1993",0.285714285714286,NA,"Adult"
"605","1993",1e-06,NA,"Adult"
"606","1993",0.0556792873051225,"Male","Adult"
"606","1997",0.242314831625018,"Male","Adult"
"606","2001",0.0576832985762802,"Male","Adult"
"606","2002",0.0565714931652765,"Male","Adult"
"606","2003",0.155192996418623,"Male","Adult"
"606","2010",0.263197524274115,"Male","Adult"
"606","2011",0.272733795972999,"Male","Adult"
"606","2013",0.130570740574731,"Male","Adult"
"607","1993",0.3,NA,"Adult"
"61","1989",0.0550392313951054,"FemaleJ","Adult"
"61","1990",0.307304391416681,"FemaleJ","Adult"
"61","1993",0.508131043205092,"FemaleJ","Adult"
"6100","2015",1e-06,NA,"Adult"
"6102","2015",0.219967646203448,"Male","Adult"
"6102","2016",0.201143911471607,"Male","Adult"
"6102","2019",0.203813388768965,"Male","Adult"
"6102","2021",0.298987332990883,"Male","Adult"
"6103","2015",1e-06,"FemaleJ","Adult"
"6104","2015",0.494498170620288,NA,"Adult"
"6104","2016",0.617078493112547,NA,"Adult"
"6104","2017",0.758542713567839,NA,"Adult"
"6104","2019",0.396286298534834,NA,"Adult"
"6104","2023",0.592100726424906,NA,"Adult"
"6105","2015",0.380654808452605,"Male","Adult"
"6105","2016",0.24910723899327,"Male","Adult"
"6105","2019",0.380120118051959,"Male","Adult"
"6105","2021",0.288932672200819,"Male","Adult"
"6106","2015",0.342184671092336,"FemaleJ","Adult"
"6106","2016",0.298821280662631,"FemaleJ","Adult"
"6107","2015",0.437619229301793,NA,"Juvenile"
"6108","2015",0.526342635807996,NA,"Adult"
"6108","2016",0.432964816822204,NA,"Adult"
"6108","2021",0.484408652481455,NA,"Adult"
"6108","2023",0.514330301948041,NA,"Adult"
"6109","2015",0.999999,NA,"Adult"
"6110","2015",0.144267926148562,"Male","Adult"
"6111","2015",0.357629427792916,"FemaleJ","Adult"
"6112","2015",0.265316161393561,"Male","Adult"
"6112","2016",0.239155248209843,"Male","Adult"
"6112","2023",0.256771008917314,"Male","Adult"
"6113","2015",0.449983652828485,"FemaleJ","Adult"
"6113","2016",0.421503645127279,"FemaleJ","Adult"
"6113","2019",0.367401416539297,"FemaleJ","Adult"
"6113","2021",0.410717823313346,"FemaleJ","Adult"
"6114","2015",0.570957095709571,"FemaleJ","Adult"
"6115","2015",0.342238768884527,"FemaleJ","Juvenile"
"6115","2016",0.530151062139324,"FemaleJ","Juvenile"
"6115","2019",0.684864507550875,"FemaleJ","Adult"
"6115","2021",0.593119803619428,"FemaleJ","Adult"
"6115","2023",0.428200760554258,"FemaleJ","Adult"
"6116","2015",0.450592885375494,"FemaleJ","Juvenile"
"6117","2015",0.621992043469823,NA,"Calf"
"6118","2015",0.385711641680548,"FemaleJ","Adult"
"6119","2015",0.231481481481481,NA,"Adult"
"6120","2015",0.206305281434522,"FemaleJ","Adult"
"6120","2017",0.543793911007026,"FemaleJ","Adult"
"6120","2019",0.260579104212071,"FemaleJ","Adult"
"6121","2015",0.163934426229508,NA,"Adult"
"6122","2015",0.333633308204563,"Male","Adult"
"6122","2019",0.255477966211116,"Male","Adult"
"6122","2021",0.369378922166765,"Male","Adult"
"6123","2015",0.281983174757202,"Male","Adult"
"6123","2016",0.419327254880134,"Male","Adult"
"6123","2019",1e-06,"Male","Adult"
"6124","2015",0.350515463917526,"FemaleJ","Adult"
"6125","2015",0.4,NA,"Adult"
"6126","2015",0.173917332800253,NA,"Adult"
"6126","2016",0.0313645621181263,NA,"Adult"
"6127","2015",0.29853171031445,"FemaleJ","Adult"
"6128","2015",0.342025684921982,"FemaleJ","Adult"
"6128","2016",0.257136797514455,"FemaleJ","Adult"
"6129","2015",0.244040089520288,NA,"Adult"
"6129","2019",0.257070075873985,NA,"Adult"
"613","1993",0.999999,NA,"Adult"
"6130","2015",0.32723014059373,"FemaleJ","Adult"
"6130","2016",0.294933167287143,"FemaleJ","Adult"
"6130","2017",0.528529753129019,"FemaleJ","Adult"
"6130","2019",0.366976116262864,"FemaleJ","Adult"
"6130","2021",0.43957105389115,"FemaleJ","Adult"
"6131","2015",0.361252731245448,"FemaleJ","Adult"
"6132","2015",0.504504504504504,NA,"Calf"
"6133","2015",0.309626484504806,"Male","Adult"
"6133","2016",0.307911304478887,"Male","Adult"
"6134","2015",0.294117647058823,"FemaleJ","Adult"
"6134","2021",0.52887537993921,"FemaleJ","Adult"
"6135","2015",0.141255605381166,NA,"Adult"
"6136","2015",1e-06,NA,"Adult"
"6137","2015",1e-06,NA,"Adult"
"6138","2015",0.665034498108168,"Male","Adult"
"6138","2021",0.758590308370044,"Male","Adult"
"6139","2015",0.44275342083217,"Male","Adult"
"6139","2019",0.240196867597341,"Male","Adult"
"6140","2015",0.551287641709842,"FemaleJ","Adult"
"6140","2016",0.395116307366258,"FemaleJ","Adult"
"6140","2021",0.607238037906215,"FemaleJ","Adult"
"6140","2023",0.436914931268895,"FemaleJ","Adult"
"6141","2015",0.487143083196463,"FemaleJ","Adult"
"6141","2016",0.442179991357386,"FemaleJ","Adult"
"6141","2019",0.65816673648927,"FemaleJ","Adult"
"6141","2021",0.538099331917653,"FemaleJ","Adult"
"6141","2023",0.488661412773706,"FemaleJ","Adult"
"6142","2015",0.283150259509595,NA,"Adult"
"6142","2016",0.262047051690871,NA,"Adult"
"6142","2019",0.198944868615958,NA,"Adult"
"6142","2021",0.211614851850446,NA,"Adult"
"6143","2015",0.383771929824561,NA,"Juvenile"
"6143","2016",0.433467741935484,NA,"Juvenile"
"6144","2015",0.385896042900705,NA,"Adult"
"6144","2016",0.463859894309298,NA,"Adult"
"6145","2015",0.448683115994977,"FemaleJ","Juvenile"
"6145","2016",0.39043627886135,"FemaleJ","Juvenile"
"6145","2017",0.588578831561414,"FemaleJ","Juvenile"
"6145","2019",0.353696496309438,"FemaleJ","Adult"
"6145","2023",0.510664984293839,"FemaleJ","Adult"
"6146","2015",0.1,"FemaleJ","Adult"
"6147","2015",0.547428741897791,"FemaleJ","Juvenile"
"6147","2016",0.281216336367146,"FemaleJ","Juvenile"
"6148","2015",0.428169542385596,NA,"Adult"
"6149","2015",0.999999,NA,"Juvenile"
"6150","2015",0.364506329819477,"FemaleJ","Adult"
"6150","2016",0.614922266587376,"FemaleJ","Adult"
"6151","2015",0.424971198156682,NA,"Adult"
"6151","2016",0.46312209094164,NA,"Adult"
"6151","2019",0.515236920908931,NA,"Adult"
"6153","2015",0.51552716805277,NA,"Adult"
"6153","2016",0.440174846599921,NA,"Adult"
"6153","2021",0.430396959568752,NA,"Adult"
"6153","2023",0.444782900794824,NA,"Adult"
"6154","2015",0.357629427792916,"FemaleJ","Adult"
"6155","2015",0.273200346921075,"FemaleJ","Adult"
"6156","2015",0.458632691844383,"FemaleJ","Adult"
"6156","2016",0.38283404107031,"FemaleJ","Adult"
"6156","2019",0.326116593177029,"FemaleJ","Adult"
"6156","2021",0.398205456706282,"FemaleJ","Adult"
"6158","2015",0.134571645185747,NA,"Adult"
"6159","2015",0.602822996084896,NA,"Calf"
"6160","2015",0.516155261160165,NA,"Juvenile"
"6160","2016",0.671359842823798,NA,"Juvenile"
"6161","2015",0.288896736026645,"FemaleJ","Adult"
"6161","2016",0.301256024048491,"FemaleJ","Adult"
"6162","2015",0.486089952422247,"FemaleJ","Adult"
"6163","2015",0.636363636363636,"Male","Adult"
"6164","2015",0.163934426229508,NA,"Adult"
"6166","2015",0.4,NA,"Adult"
"6167","2015",0.455415976077943,"FemaleJ","Adult"
"6167","2016",0.66112995234321,"FemaleJ","Adult"
"6168","2015",0.141674333026679,NA,"Adult"
"6169","2015",0.0923279841723456,NA,"Adult"
"617","1993",0.1,"FemaleJ","Adult"
"617","1996",0.199522182776252,"FemaleJ","Adult"
"6170","2015",0.111527428136526,"FemaleJ","Adult"
"6171","2015",0.527683763166162,"FemaleJ","Adult"
"6171","2019",0.411834621769496,"FemaleJ","Adult"
"6172","2015",0.365765301453147,"FemaleJ","Adult"
"6172","2016",0.278658552651948,"FemaleJ","Adult"
"6173","2015",0.448047425967626,NA,"Adult"
"6173","2016",0.313547132547583,NA,"Adult"
"6174","2015",0.504504504504504,NA,"Juvenile"
"6175","2015",1e-06,"Male","Adult"
"6176","2015",1e-06,NA,"Adult"
"6177","2015",0.800670016750419,NA,"Calf"
"6178","2015",0.555860607972137,"FemaleJ","Adult"
"6178","2016",0.415807658973138,"FemaleJ","Adult"
"6178","2021",0.604434551423501,"FemaleJ","Adult"
"6178","2023",0.304750999621504,"FemaleJ","Adult"
"6179","2015",0.421052631578947,NA,"Adult"
"618","1993",0.3,NA,"Adult"
"6180","2015",0.384615384615385,NA,"Adult"
"6181","2015",0.999999,"FemaleJ","Calf"
"6182","2015",0.480190586880323,"FemaleJ","Adult"
"6182","2023",0.487862320921843,"FemaleJ","Adult"
"6183","2015",0.999999,NA,"Juvenile"
"6185","2015",0.790173981613647,"FemaleJ","Adult"
"6185","2016",0.489728161104583,"FemaleJ","Adult"
"6185","2017",0.61965811965812,"FemaleJ","Adult"
"6186","2015",0.87551867219917,"Male","Adult"
"6187","2015",0.893238434163701,NA,"Adult"
"6188","2015",0.470588235294118,NA,"Adult"
"6189","2015",1e-06,NA,"Adult"
"619","1993",0.619335347432024,"FemaleJ","Adult"
"619","1997",0.167992926613616,"FemaleJ","Adult"
"62","1989",0.223950233281493,NA,"Adult"
"6200","2016",0.342857142857143,"FemaleJ","Adult"
"6201","2016",0.452944954712811,"Male","Juvenile"
"6201","2019",0.292292570057566,"Male","Adult"
"6201","2021",0.449150349849024,"Male","Adult"
"6201","2023",0.481333324909271,"Male","Adult"
"6202","2016",0.999999,NA,"Adult"
"6203","2016",0.253542119629276,"FemaleJ","Adult"
"6203","2019",0.295650906482407,"FemaleJ","Adult"
"6203","2021",0.357673156921031,"FemaleJ","Adult"
"6203","2023",0.587262535007421,"FemaleJ","Adult"
"6205","2016",0.103440809772116,NA,"Adult"
"6205","2021",0.409302981679685,NA,"Adult"
"6206","2016",0.376493348240644,"FemaleJ","Adult"
"6207","2016",0.575036603221083,NA,"Calf"
"6208","2016",0.387100765979291,"FemaleJ","Juvenile"
"6208","2019",0.431872373291916,"FemaleJ","Adult"
"6208","2021",0.63644467307462,"FemaleJ","Adult"
"6209","2016",0.561115147112241,NA,"Adult"
"6210","2016",0.219772858841216,"Male","Adult"
"6210","2019",0.262695371649318,"Male","Adult"
"6210","2021",0.341578306335945,"Male","Adult"
"6210","2023",0.238740977601853,"Male","Adult"
"6211","2016",0.288119700634066,"FemaleJ","Adult"
"6211","2019",0.794578859746189,"FemaleJ","Adult"
"6211","2023",0.571693798774859,"FemaleJ","Adult"
"6212","2016",0.8125,NA,"Adult"
"6213","2016",0.8125,NA,"Adult"
"6214","2016",0.681706718979892,NA,"Juvenile"
"6215","2016",0.319734845763552,"FemaleJ","Juvenile"
"6215","2019",0.337912548959048,"FemaleJ","Adult"
"6215","2023",0.422124581213735,"FemaleJ","Adult"
"6216","2016",0.347433728144388,"FemaleJ","Adult"
"6217","2016",0.431707317073171,"FemaleJ","Adult"
"6218","2016",0.8125,NA,"Adult"
"6220","2016",0.576923076923077,"Male","Adult"
"6220","2023",0.414103214499839,"Male","Adult"
"6221","2016",0.496196685683238,"FemaleJ","Adult"
"6222","2016",0.75,NA,"Adult"
"6223","2016",1e-06,NA,"Adult"
"6224","2016",0.0542235337513832,"FemaleJ","Adult"
"6224","2019",0.152588555858311,"FemaleJ","Adult"
"6225","2016",0.833333333333333,NA,"Adult"
"6227","2016",0.426241068761355,NA,"Adult"
"6227","2019",0.554286993507947,NA,"Adult"
"6228","2016",0.337378640776699,"FemaleJ","Adult"
"6229","2016",0.406864587247902,NA,"Adult"
"623","1993",0.716216216216216,"FemaleJ","Adult"
"6230","2016",0.361702127659574,"FemaleJ","Adult"
"6231","2016",0.319415416769117,"FemaleJ","Calf"
"6231","2019",0.342697345124069,"FemaleJ","Juvenile"
"6231","2021",0.374007044043561,"FemaleJ","Adult"
"6232","2016",0.725219573400251,"FemaleJ","Adult"
"6232","2017",0.555555555555556,"FemaleJ","Adult"
"6233","2016",0.235230576685031,"Male","Adult"
"6233","2017",0.187986858142123,"Male","Adult"
"6234","2016",0.315895633301092,"FemaleJ","Calf"
"6235","2016",0.345893362711755,NA,"Juvenile"
"6235","2019",0.319526386695159,NA,"Adult"
"6235","2023",0.34494165341141,NA,"Adult"
"6236","2016",0.295198690274159,"FemaleJ","Adult"
"6237","2016",0.483907093141472,"FemaleJ","Adult"
"6237","2021",0.327867205144891,"FemaleJ","Adult"
"6238","2016",0.265895953757225,"FemaleJ","Adult"
"6239","2016",0.380455960710685,"FemaleJ","Juvenile"
"6239","2019",0.277224530241126,"FemaleJ","Adult"
"6239","2021",0.309193972895602,"FemaleJ","Adult"
"624","1993",0.361848574237955,"FemaleJ","Adult"
"624","1994",0.191315034821794,"FemaleJ","Adult"
"624","1996",0.474393068542507,"FemaleJ","Adult"
"624","1997",0.687931014894511,"FemaleJ","Adult"
"624","1999",0.615834882237079,"FemaleJ","Adult"
"6240","2016",0.549854637232037,NA,"Adult"
"6241","2016",0.480769230769231,NA,"Adult"
"6242","2016",0.0773718145532699,"FemaleJ","Adult"
"6242","2019",0.331932773109244,"FemaleJ","Adult"
"6243","2016",0.487058823529412,NA,"Adult"
"6244","2016",0.343499744419833,"FemaleJ","Adult"
"6245","2016",0.413793103448276,NA,"Adult"
"6246","2016",0.573161921502839,"FemaleJ","Adult"
"6246","2019",0.578068783614826,"FemaleJ","Adult"
"6246","2021",0.412537234791648,"FemaleJ","Adult"
"6246","2023",0.408822765151369,"FemaleJ","Adult"
"6247","2016",0.714285714285714,NA,"Adult"
"6248","2016",0.0647482014388489,NA,"Adult"
"6249","2016",0.444444444444444,NA,"Adult"
"625","1993",0.625,"FemaleJ","Adult"
"6250","2016",0.592592592592593,NA,"Juvenile"
"6251","2016",0.509803921568627,NA,"Adult"
"6253","2016",0.188905547226387,"FemaleJ","Adult"
"6254","2016",0.359855670624557,"FemaleJ","Adult"
"6254","2019",0.344784871246312,"FemaleJ","Adult"
"6254","2023",0.351067150955517,"FemaleJ","Adult"
"6255","2016",0.422794117647059,NA,"Adult"
"6256","2016",0.484197840329973,NA,"Adult"
"6256","2021",0.453504099573665,NA,"Adult"
"6257","2016",0.40109015188633,"Male","Adult"
"6257","2017",1e-06,"Male","Adult"
"626","1993",0.8125,NA,"Adult"
"629","1993",0.231830197073988,"FemaleJ","Adult"
"629","1994",0.49269588313413,"FemaleJ","Adult"
"63","1989",0.149853599104592,NA,"Adult"
"63","1990",0.333930635804554,NA,"Adult"
"6300","2017",0.999999,"FemaleJ","Adult"
"6301","2017",1e-06,NA,"Adult"
"6302","2017",0.531645569620253,"FemaleJ","Adult"
"6302","2019",0.321416367132359,"FemaleJ","Adult"
"6302","2023",0.411053341595504,"FemaleJ","Adult"
"6303","2017",0.999999,"FemaleJ","Adult"
"633","1993",0.378977419608637,"FemaleJ","Adult"
"633","1994",0.206623349175468,"FemaleJ","Adult"
"633","1995",0.130434782608696,"FemaleJ","Adult"
"633","1996",0.342347365486479,"FemaleJ","Adult"
"635","1993",0.999999,"FemaleJ","Adult"
"635","1997",0.999999,"FemaleJ","Adult"
"64","1990",0.401215805471125,"FemaleJ","Adult"
"6400","2019",0.383690410764878,NA,"Adult"
"6400","2021",0.459901509545626,NA,"Adult"
"6400","2023",0.571619048044456,NA,"Adult"
"6401","2019",0.471964056775686,NA,"Juvenile"
"6401","2021",0.390739980165687,NA,"Juvenile"
"6402","2019",0.439024390243902,NA,"Adult"
"6405","2019",0.5,"FemaleJ","Adult"
"6406","2019",0.377038626609442,NA,"Adult"
"6407","2019",0.178986002048481,"FemaleJ","Adult"
"6408","2019",0.358974358974359,"FemaleJ","Adult"
"6409","2019",0.355263157894737,NA,"Adult"
"6410","2019",0.472222222222222,NA,"Adult"
"6411","2019",0.472222222222222,NA,"Adult"
"6412","2019",0.472222222222222,NA,"Adult"
"6413","2019",0.472222222222222,NA,"Adult"
"6414","2019",0.227897838899804,NA,"Adult"
"6415","2019",0.295622059587907,"FemaleJ","Adult"
"6415","2021",0.287804100087225,"FemaleJ","Adult"
"6415","2023",0.277663409924872,"FemaleJ","Adult"
"6416","2019",0.297638465357067,NA,"Adult"
"6417","2019",0.423076923076923,NA,"Adult"
"6417","2023",0.666666666666667,NA,"Adult"
"6418","2019",0.529411764705882,"FemaleJ","Adult"
"6419","2019",0.530612244897959,NA,"Adult"
"642","1993",0.999999,NA,"Adult"
"6420","2019",0.62874721822228,NA,"Adult"
"6421","2019",0.335358247881939,"Male","Adult"
"6421","2023",0.458093312836568,"Male","Adult"
"6423","2019",0.863319386331939,"FemaleJ","Adult"
"6425","2019",1e-06,NA,"Adult"
"6426","2019",0.289831734915005,NA,"Adult"
"6426","2021",0.554488830062711,NA,"Adult"
"6427","2019",0.201848785871965,"FemaleJ","Adult"
"6427","2021",0.0736852953300748,"FemaleJ","Adult"
"6428","2019",0.371389270976616,NA,"Adult"
"6429","2019",0.093167701863354,NA,"Adult"
"6431","2019",0.365408162689523,"FemaleJ","Adult"
"6431","2021",0.581490206026245,"FemaleJ","Adult"
"6431","2023",0.635546645947122,"FemaleJ","Adult"
"6432","2019",0.641025641025641,NA,"Adult"
"6433","2019",0.402617230098146,NA,"Adult"
"6433","2021",0.530653737879262,NA,"Adult"
"6435","2019",0.769230769230769,NA,"Adult"
"6436","2019",0.75,NA,"Adult"
"6437","2019",0.247849641565471,"FemaleJ","Juvenile"
"6437","2023",0.356255491767125,"FemaleJ","Adult"
"6438","2019",0.472222222222222,NA,"Adult"
"6439","2019",0.201469450889404,"Male","Adult"
"644","1993",0.627280625543006,NA,"Adult"
"6440","2019",0.412286172594467,NA,"Adult"
"6440","2023",0.438100535632449,NA,"Adult"
"6441","2019",0.237882569587537,"FemaleJ","Adult"
"6441","2021",0.199136603411627,"FemaleJ","Adult"
"6441","2023",0.268736608994195,"FemaleJ","Adult"
"6442","2019",0.453213077790304,NA,"Adult"
"6442","2021",0.225806451612903,NA,"Adult"
"6443","2019",0.598908594815825,NA,"Adult"
"6445","2019",0.334513271704969,"FemaleJ","Adult"
"6445","2021",0.760152641511401,"FemaleJ","Adult"
"6446","2019",0.453863828758012,"FemaleJ","Adult"
"6447","2019",0.226765441600924,"FemaleJ","Juvenile"
"6447","2023",0.40137508460689,"FemaleJ","Adult"
"6448","2019",0.699138350888108,"FemaleJ","Adult"
"6448","2021",0.517716873653698,"FemaleJ","Adult"
"6448","2023",0.47986842868139,"FemaleJ","Adult"
"6449","2019",0.20997375328084,NA,"Adult"
"6450","2019",0.120636099046767,NA,"Adult"
"6450","2021",0.411333552825955,NA,"Adult"
"6451","2019",0.206303724928367,NA,"Adult"
"6453","2019",0.378048780487805,"Male","Adult"
"6454","2019",1e-06,"FemaleJ","Adult"
"6455","2019",1e-06,NA,"Adult"
"6457","2019",0.435997135699093,NA,"Adult"
"6457","2021",0.572684143900428,NA,"Adult"
"649","1993",0.577396096440873,"FemaleJ","Adult"
"649","1996",0.11390872775693,"FemaleJ","Adult"
"649","1997",0.539607751920393,"FemaleJ","Adult"
"649","2002",0.256338248045626,"FemaleJ","Adult"
"650","1993",0.682080924855491,NA,"Adult"
"6501","2021",0.574468085106383,NA,"Adult"
"6502","2021",0.817191070486905,"FemaleJ","Adult"
"6502","2023",0.570339730703036,"FemaleJ","Adult"
"6503","2021",0.668103638555863,"FemaleJ","Adult"
"6503","2023",0.756660175961341,"FemaleJ","Adult"
"6504","2021",0.425531914893617,NA,"Adult"
"6505","2021",0.425531914893617,NA,"Adult"
"6506","2021",0.540441176470588,"FemaleJ","Calf"
"6507","2021",0.705882352941177,NA,"Adult"
"6508","2021",0.450236633004653,"FemaleJ","Juvenile"
"6509","2021",1e-06,NA,"Adult"
"6512","2021",0.375843117661754,NA,"Juvenile"
"6512","2023",0.779075546719682,NA,"Adult"
"6513","2021",0.58695652173913,"FemaleJ","Adult"
"6514","2021",0.373622721547789,NA,"Adult"
"6514","2023",0.792546308157514,NA,"Adult"
"6515","2021",0.505624960891357,"FemaleJ","Adult"
"6515","2023",0.47826401402816,"FemaleJ","Adult"
"6516","2021",0.388384062252128,"Male","Adult"
"6516","2023",0.369803403385205,"Male","Adult"
"6517","2021",0.76555023923445,"FemaleJ","Juvenile"
"6518","2021",0.76555023923445,"FemaleJ","Juvenile"
"6519","2021",0.527539636437299,"FemaleJ","Adult"
"6519","2023",0.512270362518991,"FemaleJ","Adult"
"6521","2021",0.532748515610036,"FemaleJ","Juvenile"
"6521","2023",0.474320130189922,"FemaleJ","Juvenile"
"6522","2021",0.516038492381716,"FemaleJ","Calf"
"6523","2021",1e-06,NA,"Adult"
"6524","2021",1e-06,NA,"Adult"
"6525","2021",0.438600441611429,"FemaleJ","Adult"
"6526","2021",0.508213669767556,"FemaleJ","Juvenile"
"6526","2023",0.574769266601877,"FemaleJ","Juvenile"
"6527","2021",0.599709028796715,"FemaleJ","Juvenile"
"6527","2023",0.673568253980464,"FemaleJ","Adult"
"6528","2021",0.269360269360269,NA,"Adult"
"6529","2021",1e-06,NA,"Juvenile"
"653","1993",0.549634442046756,"FemaleJ","Adult"
"653","1994",0.260692599149556,"FemaleJ","Adult"
"653","1996",0.295711986386582,"FemaleJ","Adult"
"653","1997",0.392440634293437,"FemaleJ","Adult"
"653","1998",0.312613814262259,"FemaleJ","Adult"
"653","1999",0.358779511577726,"FemaleJ","Adult"
"653","2001",0.0149240132657896,"FemaleJ","Adult"
"6530","2021",1e-06,NA,"Adult"
"6531","2021",0.497303067845624,"FemaleJ","Adult"
"6531","2023",0.532933496191662,"FemaleJ","Adult"
"6532","2021",0.391304347826087,"FemaleJ","Juvenile"
"6533","2021",0.999999,"FemaleJ","Juvenile"
"6534","2021",0.280592361652377,"Male","Adult"
"6535","2021",0.735668789808917,"FemaleJ","Juvenile"
"6536","2021",0.179410508329774,"Male","Adult"
"6537","2021",0.421108576294612,"FemaleJ","Adult"
"6538","2021",0.591806839420114,NA,"Adult"
"6538","2023",0.749558043606364,NA,"Adult"
"6539","2021",0.501673353795105,NA,"Adult"
"6539","2023",0.689462997015626,NA,"Adult"
"654","1993",0.999999,NA,"Adult"
"6540","2021",0.52616303252866,"FemaleJ","Adult"
"6540","2023",0.343939417272644,"FemaleJ","Adult"
"6541","2021",0.363281438630428,NA,"Adult"
"6541","2023",0.477595551401614,NA,"Adult"
"6542","2021",0.281832741358055,"FemaleJ","Adult"
"6542","2023",0.394024422730136,"FemaleJ","Adult"
"6543","2021",0.463160830249956,"FemaleJ","Adult"
"6543","2023",0.466673650577162,"FemaleJ","Adult"
"6544","2021",0.626623376623377,NA,"Calf"
"6545","2021",0.515508394544427,"FemaleJ","Juvenile"
"6546","2021",0.73384030418251,NA,"Calf"
"6547","2021",0.544326777609682,NA,"Juvenile"
"6549","2021",0.337951933233913,"FemaleJ","Adult"
"6549","2023",0.43637223276702,"FemaleJ","Adult"
"6550","2021",0.319148936170213,NA,"Adult"
"6551","2021",0.569476082004556,NA,"Adult"
"6552","2021",0.878892733564014,NA,"Adult"
"6553","2021",0.641280321309534,NA,"Adult"
"6553","2023",0.55148276246336,NA,"Adult"
"6554","2021",0.999999,NA,"Calf"
"6555","2021",0.387405758969533,"FemaleJ","Adult"
"6555","2023",0.384514175911712,"FemaleJ","Adult"
"6556","2021",0.361290322580645,"Male","Adult"
"6556","2023",0.0244755244755245,"Male","Adult"
"6560","2021",0.999999,NA,"Adult"
"6561","2021",0.717991125354108,"FemaleJ","Adult"
"6561","2023",0.494073888591061,"FemaleJ","Adult"
"6563","2021",0.397000147951008,"FemaleJ","Adult"
"6563","2023",0.457297190310756,"FemaleJ","Adult"
"6564","2021",0.453858708323619,"FemaleJ","Adult"
"6565","2021",0.181153554262585,"FemaleJ","Adult"
"6566","2021",0.655482532499527,"FemaleJ","Juvenile"
"6566","2023",0.643871154018053,"FemaleJ","Juvenile"
"6568","2021",0.520098453738305,"FemaleJ","Adult"
"66","1989",1e-06,NA,"Adult"
"6600","2023",0.410190596210315,"FemaleJ","Juvenile"
"6601","2023",0.317880241346757,"FemaleJ","Adult"
"6602","2023",0.493416764437492,"FemaleJ","Adult"
"6603","2023",0.483117519208988,"FemaleJ","Adult"
"6607","2023",0.535809018567639,NA,"Adult"
"6608","2023",0.376580004763932,NA,"Adult"
"6609","2023",0.393532238110309,"FemaleJ","Adult"
"6612","2023",0.488866900481086,NA,"Adult"
"6613","2023",0.479252912294214,"FemaleJ","Juvenile"
"6615","2023",0.307692307692308,NA,"Adult"
"6616","2023",1e-06,"FemaleJ","Adult"
"6618","2023",0.705847016419704,"FemaleJ","Juvenile"
"6620","2023",0.441444481943976,"FemaleJ","Adult"
"6623","2023",0.565904957697478,NA,"Adult"
"6626","2023",0.513243481357902,"FemaleJ","Juvenile"
"6628","2023",0.517832924885198,NA,"Adult"
"6629","2023",0.695422866829912,"FemaleJ","Adult"
"6630","2023",0.28092003378854,"Male","Adult"
"6631","2023",0.354277629826897,"Male","Adult"
"6640","2023",0.383413790922697,"FemaleJ","Adult"
"6642","2023",0.931129476584022,"FemaleJ","Juvenile"
"6644","2023",0.999999,"FemaleJ","Juvenile"
"6645","2023",0.893238434163701,"FemaleJ","Juvenile"
"6646","2023",0.684824902723735,"FemaleJ","Juvenile"
"6647","2023",0.0869565217391304,NA,"Adult"
"6648","2023",0.225908372827804,NA,"Adult"
"6650","2023",0.0869565217391304,NA,"Adult"
"6652","2023",0.688053097345133,NA,"Adult"
"6660","2023",0.734978338670183,NA,"Adult"
"6661","2023",0.623444399839422,NA,"Adult"
"6668","2023",0.999999,NA,"Adult"
"6669","2023",0.0869565217391304,NA,"Adult"
"667","1993",0.684873949579832,"FemaleJ","Adult"
"6673","2023",0.665817048994619,"FemaleJ","Adult"
"6674","2023",0.999999,NA,"Juvenile"
"6675","2023",0.70846394984326,"FemaleJ","Juvenile"
"6678","2023",0.880478087649402,"FemaleJ","Juvenile"
"668","1993",0.999999,NA,"Adult"
"6680","2023",0.483275032794053,NA,"Adult"
"6681","2023",0.255415162454874,NA,"Adult"
"67","1989",1e-06,NA,"Adult"
"674","1993",0.999999,"FemaleJ","Adult"
"674","1999",0.417590241355578,"FemaleJ","Adult"
"674","2002",0.305932303337658,"FemaleJ","Adult"
"677","1993",1e-06,"FemaleJ","Adult"
"677","1996",0.207418837018788,"FemaleJ","Adult"
"677","1997",0.131055883090667,"FemaleJ","Adult"
"677","1998",0.364262646983173,"FemaleJ","Adult"
"677","2001",0.0235133943332603,"FemaleJ","Adult"
"677","2002",0.0306029183203636,"FemaleJ","Adult"
"683","1993",0.627659574468085,"FemaleJ","Adult"
"687","1993",0.999999,NA,"Adult"
"688","1993",0.444444444444444,NA,"Adult"
"69","1989",1e-06,NA,"Adult"
"690","1993",0.222222222222222,"FemaleJ","Adult"
"701","1993",0.260869565217391,"FemaleJ","Adult"
"702","1993",0.35,"FemaleJ","Adult"
"702","1994",0.333333333333333,"FemaleJ","Adult"
"702","1996",0.128440366972477,"FemaleJ","Adult"
"707","1993",0.426320902141319,"FemaleJ","Adult"
"707","1994",0.266451115111879,"FemaleJ","Adult"
"707","1997",0.348264104153751,"FemaleJ","Adult"
"720","1993",0.787234042553192,NA,"Adult"
"722","1993",0.999999,NA,"Adult"
"723","1993",0.914634146341464,NA,"Adult"
"723","1999",0.535433070866142,NA,"Adult"
"74","1989",1e-06,"Male","Adult"
"74","1990",1e-06,"Male","Adult"
"75","1989",0.75,NA,"Adult"
"76","1989",0.185074527737444,"Male","Adult"
"76","1990",0.306964391855809,"Male","Adult"
"76","1996",0.155825255493662,"Male","Adult"
"76","1997",0.369265531059417,"Male","Adult"
"76","1999",0.149053679602181,"Male","Adult"
"76","2002",0.124657192965996,"Male","Adult"
"76","2008",0.999999,"Male","Adult"
"76","2010",0.304617849956082,"Male","Adult"
"76","2011",0.185155739319895,"Male","Adult"
"78","1988",1e-06,NA,"Adult"
"78","1989",0.259037859379448,NA,"Adult"
"78","1990",0.486730456761148,NA,"Adult"
"8","1989",0.0695652173913043,NA,"Adult"
"801","1994",0.999999,NA,"Adult"
"803","1994",1e-06,NA,"Adult"
"804","1994",0.0736107593606832,"Male","Adult"
"804","1996",0.071964451912951,"Male","Adult"
"804","1997",0.119444277134234,"Male","Adult"
"804","1998",0.149387058778785,"Male","Adult"
"804","1999",0.0995933454449789,"Male","Adult"
"804","2002",0.0376875740334842,"Male","Adult"
"804","2010",0.215922601179514,"Male","Adult"
"804","2011",0.110173826469043,"Male","Adult"
"804","2015",0.448857936548495,"Male","Adult"
"804","2016",0.236536589410796,"Male","Adult"
"804","2017",0.257092920885812,"Male","Adult"
"810","1994",0.999999,NA,"Adult"
"811","1994",0.5,NA,"Adult"
"814","1994",0.999999,NA,"Adult"
"818","1994",0.545454545454545,NA,"Adult"
"819","1994",0.395604395604396,NA,"Adult"
"822","1994",1e-06,NA,"Adult"
"824","1994",0.108897370468543,"Male","Adult"
"824","1995",0.340287402436356,"Male","Adult"
"824","1996",0.0538393592467237,"Male","Adult"
"824","1997",0.106284986145302,"Male","Adult"
"824","1998",0.161173112024414,"Male","Adult"
"824","1999",0.121514751172054,"Male","Adult"
"824","2001",0.0175691856974903,"Male","Adult"
"824","2002",0.0182630437092065,"Male","Adult"
"824","2003",0.0157779583754062,"Male","Adult"
"824","2006",0.315789473684211,"Male","Adult"
"829","1994",0.6,NA,"Adult"
"83","1989",0.160245884383815,NA,"Adult"
"83","1990",0.125695677915927,NA,"Adult"
"830","1994",0.75,NA,"Juvenile"
"832","1994",0.489181472851617,"FemaleJ","Adult"
"832","1997",0.323371733153281,"FemaleJ","Adult"
"832","1999",0.565153365310011,"FemaleJ","Adult"
"832","2002",0.209385976032543,"FemaleJ","Adult"
"832","2006",0.708676532645757,"FemaleJ","Adult"
"832","2010",0.534913091650918,"FemaleJ","Adult"
"832","2011",0.221255303394449,"FemaleJ","Adult"
"832","2015",0.297248428645454,"FemaleJ","Adult"
"832","2016",0.282796029803492,"FemaleJ","Adult"
"832","2021",0.300270213433583,"FemaleJ","Adult"
"832","2023",0.364086456403689,"FemaleJ","Adult"
"835","1994",0.615384615384615,NA,"Adult"
"837","1994",0.615384615384615,NA,"Adult"
"845","1994",0.253521126760563,NA,"Adult"
"848","1994",0.261437908496732,NA,"Adult"
"849","1994",1e-06,NA,"Adult"
"85","1990",0.2215902214692,"FemaleJ","Adult"
"850","1994",1e-06,NA,"Adult"
"865","1994",0.496402877697842,NA,"Adult"
"866","1994",0.46969696969697,NA,"Adult"
"87","1989",0.999999,NA,"Adult"
"870","1994",0.388489208633094,NA,"Adult"
"871","1994",0.269662921348315,"FemaleJ","Adult"
"882","1994",0.527027027027027,NA,"Adult"
"887","1994",0.522471910112359,NA,"Adult"
"89","1989",0.0478709203119268,"FemaleJ","Adult"
"89","1990",0.385779934165085,"FemaleJ","Adult"
"89","1996",0.40720236786598,"FemaleJ","Adult"
"89","1997",0.374313873675916,"FemaleJ","Adult"
"89","1998",0.537720154451289,"FemaleJ","Adult"
"89","2001",0.126099785746457,"FemaleJ","Adult"
"89","2006",0.808069163216117,"FemaleJ","Adult"
"89","2007",0.431665807117071,"FemaleJ","Adult"
"89","2010",0.225118114520831,"FemaleJ","Adult"
"89","2011",0.132978503190224,"FemaleJ","Adult"
"89","2016",0.328413180750503,"FemaleJ","Adult"
"89","2017",0.403898056108366,"FemaleJ","Adult"
"89","2021",0.564091645801229,"FemaleJ","Adult"
"895","1994",0.999999,NA,"Adult"
"9","1989",1e-06,"FemaleJ","Adult"
"9","1990",1e-06,"FemaleJ","Adult"
"9","1997",0.125279912848756,"FemaleJ","Adult"
"9","2001",0.280723436876308,"FemaleJ","Adult"
"9","2002",0.105605939723529,"FemaleJ","Adult"
"90","1989",1e-06,NA,"Adult"
"905","1994",0.393179538615847,"Male","Adult"
"905","1996",0.363962348722546,"Male","Adult"
"905","1999",0.490438509726344,"Male","Adult"
"907","1994",0.184971098265896,NA,"Adult"
"907","1996",0.456521739130435,NA,"Adult"
"909","1994",0.164383561643836,NA,"Adult"
"909","1996",0.187290969899666,NA,"Adult"
"91","1989",1e-06,NA,"Juvenile"
"91","1996",1e-06,NA,"Adult"
"915","1994",0.7,NA,"Adult"
"92","1989",1e-06,"Male","Adult"
"92","1990",1e-06,"Male","Adult"
"92","1996",0.0127656559828048,"Male","Adult"
"92","1997",0.227932984556908,"Male","Adult"
"92","2001",0.0998976912725639,"Male","Adult"
"92","2002",0.0672226880742388,"Male","Adult"
"92","2003",1e-06,"Male","Adult"
"92","2011",0.122225893115716,"Male","Adult"
"92","2013",0.0611280582359054,"Male","Adult"
"92","2016",0.255019711968694,"Male","Adult"
"94","1989",0.0997226541733856,"FemaleJ","Adult"
"94","1990",0.23354272565395,"FemaleJ","Adult"
"94","1997",0.342422351716389,"FemaleJ","Adult"
"94","1998",0.434245094110522,"FemaleJ","Adult"
"94","1999",0.415091450379204,"FemaleJ","Adult"
"950","1995",0.999999,"FemaleJ","Adult"
"950","1996",0.247389888952292,"FemaleJ","Adult"
"950","1997",0.160436732888179,"FemaleJ","Adult"
"950","1998",0.392672746314515,"FemaleJ","Adult"
"952","1995",0.999999,"FemaleJ","Adult"
"952","1996",0.619710342249459,"FemaleJ","Adult"
"952","1997",0.299619869826965,"FemaleJ","Adult"
"952","1998",0.513727993070722,"FemaleJ","Adult"
"952","1999",0.54578468346748,"FemaleJ","Adult"
"952","2002",0.383421586189248,"FemaleJ","Adult"
"952","2006",0.574801214192304,"FemaleJ","Adult"
"952","2007",0.999999,"FemaleJ","Adult"
"952","2011",0.434041412033684,"FemaleJ","Adult"
"959","1995",0.999999,"FemaleJ","Adult"
"959","1997",0.567595459236326,"FemaleJ","Adult"
"961","1995",0.930669234472797,"FemaleJ","Adult"
"961","1997",0.413164238255533,"FemaleJ","Adult"
"961","1998",0.39292655538496,"FemaleJ","Adult"
"961","2002",0.211908309526372,"FemaleJ","Adult"
"961","2010",0.395689831449072,"FemaleJ","Adult"
"961","2011",0.316797326982373,"FemaleJ","Adult"
"961","2015",0.318335106709063,"FemaleJ","Adult"
"961","2016",0.311039914877294,"FemaleJ","Adult"
"961","2021",0.377136720049684,"FemaleJ","Adult"
"961","2023",0.342936128905675,"FemaleJ","Adult"
"962","1995",1e-06,NA,"Adult"
"965","1995",1e-06,NA,"Adult"
"97","1989",0.209302325581395,NA,"Adult"
"970","1995",0.999999,NA,"Adult"
"971","1995",0.999999,NA,"Adult"
"977","1995",0.5,NA,"Adult"
"98","1989",0.132654851728373,"FemaleJ","Adult"
"98","1990",0.210155670867309,"FemaleJ","Adult"
"9901","1989",0.0970812582739709,"FemaleJ","Adult"
"9901","1996",0.0722926831962313,"FemaleJ","Adult"
"9901","1997",0.220592073168366,"FemaleJ","Adult"
"9901","1998",0.29377449894831,"FemaleJ","Adult"
"9902","1990",0.271487703920136,"FemaleJ","Adult"
"9902","1993",0.410315490960652,"FemaleJ","Adult"
"9903","1996",0.166666666666667,NA,"Adult"
"9904","1999",1e-06,NA,"Adult"
"9905","2003",1e-06,NA,"Adult"
"9906","1990",1e-06,NA,"Adult"
"9907","1996",0.20354233311291,"Male","Adult"
"9908","1999",0.325581395348837,NA,"Adult"
"9909","2003",1e-06,NA,"Adult"
"9910","1990",0.29673590504451,"FemaleJ","Adult"
"9911","1996",0.219112905972015,"Male","Adult"
"9911","1997",0.158236256354428,"Male","Adult"
"9911","1999",0.130383194656916,"Male","Adult"
"9912","1989",0.402684563758389,NA,"Adult"
"9912","1990",0.0694444444444444,NA,"Adult"
"9913","1990",0.23331463825014,"FemaleJ","Adult"
"9914","1997",0.733025708635465,"FemaleJ","Adult"
"9914","1999",0.980804919258787,"FemaleJ","Adult"
"9915","1998",0.39647577092511,NA,"Adult"
"9916","1999",1e-06,NA,"Adult"
"9917","2003",1e-06,NA,"Adult"
"9918","2006",0.5,"FemaleJ","Adult"
"9918","2011",0.610232286055524,"FemaleJ","Adult"
"9918","2016",0.29443254256842,"FemaleJ","Adult"
"9918","2019",0.720996045025997,"FemaleJ","Adult"
"9918","2021",0.510907614303725,"FemaleJ","Adult"
"9918","2023",0.634354042481389,"FemaleJ","Adult"
"9919","2010",0.0874171165451214,"Male","Adult"
"9919","2011",0.079236002966331,"Male","Adult"
"9919","2013",0.0291734277667901,"Male","Adult"
"9919","2015",0.106068293901639,"Male","Adult"
"9920","1996",0.222470501675886,NA,"Adult"
"9921","1996",0.261585216610916,NA,"Adult"
"9922","2003",1e-06,NA,"Adult"
