"Individual","Year","Prop_Female"
"242","1988",0
"244","1988",0
"78","1988",0
"245","1988",0
"37","1988",0
"250","1988",1
"251","1988",0
"3","1988",0.0370634354953671
"223","1988",0
"43","1988",0
"78","1989",0.259037859379448
"37","1989",0.0206512418005989
"3","1989",0.0347481813524852
"1","1989",0.0345168879941738
"2","1989",0.0346406037362365
"5","1989",0.078105332891686
"8","1989",0.0695652173913043
"6","1989",0.181818181818182
"10","1989",0.0534848156020954
"9","1989",0
"13","1989",0.0369375091610886
"15","1989",0.0942337895445367
"14","1989",1
"17","1989",0
"22","1989",0
"26","1989",0
"24","1989",0
"32","1989",0.085995085995086
"25","1989",0.0254494041607756
"28","1989",0.0481676155624591
"29","1989",0
"21","1989",0
"41","1989",0
"34","1989",0
"33","1989",0.0722562197121261
"39","1989",0
"40","1989",0
"42","1989",0
"43","1989",0
"31","1989",0.346153846153846
"45","1989",0.171191356602603
"46","1989",0.143620340199585
"47","1989",0.104907768554214
"49","1989",0.16289592760181
"50","1989",0.237816764132554
"52","1989",0.30939226519337
"51","1989",0.0697867626696206
"54","1989",0.21465022573012
"9901","1989",0.0970812582739709
"57","1989",0.078471862278354
"61","1989",0.0550392313951054
"62","1989",0.223950233281493
"66","1989",0
"67","1989",0
"90","1989",0
"63","1989",0.149853599104592
"69","1989",0
"18","1989",0.0441257049362851
"74","1989",0
"75","1989",0.75
"76","1989",0.185074527737444
"83","1989",0.160245884383815
"89","1989",0.0478709203119268
"91","1989",0
"92","1989",0
"94","1989",0.0997226541733856
"97","1989",0.209302325581395
"98","1989",0.132654851728373
"101","1989",0.149359886201991
"102","1989",0.145805621123599
"104","1989",0.0740790553172031
"105","1989",0.486486486486487
"106","1989",0.0689321827871374
"111","1989",0.258064516129032
"115","1989",0.177719649176796
"116","1989",0.347826086956522
"118","1989",0.209727492238703
"119","1989",0.11285771866183
"120","1989",0.0734296872021914
"124","1989",0.0541411064709515
"127","1989",0
"131","1989",0.181071886504042
"132","1989",0
"134","1989",0.533980582524272
"129","1989",0.0882352941176471
"138","1989",0
"141","1989",0.219387755102041
"144","1989",0
"146","1989",0.117474302496329
"145","1989",0
"149","1989",0.346153846153846
"151","1989",0.666666666666667
"152","1989",0.136855825145378
"135","1989",0.6
"159","1989",0.363850873053327
"87","1989",1
"156","1989",0.592920353982301
"162","1989",0.309351090609228
"168","1989",0
"174","1989",0
"137","1989",0
"176","1989",0
"178","1989",0
"183","1989",0.0930232558139535
"9912","1989",0.402684563758389
"186","1989",0.237825594563986
"184","1989",0.183995327102804
"189","1989",0.319034852546917
"195","1989",0.291666666666667
"197","1989",0.291666666666667
"153","1989",0.163934426229508
"207","1989",0.517241379310345
"208","1989",0.27710843373494
"215","1989",0
"242","1990",0
"78","1990",0.486730456761148
"37","1990",0.230943273294952
"251","1990",0.313667445088797
"3","1990",0.199346393752575
"1","1990",0.176748107602749
"5","1990",0.634942522639583
"10","1990",0.0340865119441095
"9","1990",0
"13","1990",0.185029386318208
"15","1990",0
"22","1990",0
"32","1990",0.340935446463085
"28","1990",0.192170194288975
"21","1990",0
"34","1990",0
"40","1990",0.480712166172107
"43","1990",0
"45","1990",0.119919322247711
"46","1990",0.332024570958141
"47","1990",0.194396766523697
"51","1990",0.222528283325135
"54","1990",0.266614129573201
"57","1990",0.26821315981926
"61","1990",0.307304391416681
"63","1990",0.333930635804554
"18","1990",0.115996208461345
"74","1990",0
"76","1990",0.306964391855809
"83","1990",0.125695677915927
"89","1990",0.385779934165085
"92","1990",0
"94","1990",0.23354272565395
"98","1990",0.210155670867309
"101","1990",0.0788034737857832
"102","1990",0.190413252474074
"104","1990",0.128255767333934
"105","1990",0.169934640522876
"106","1990",0.331562929708732
"115","1990",0.123600592690155
"134","1990",0.101437024513948
"129","1990",0.436077057793345
"152","1990",0.173936626673791
"156","1990",1
"9912","1990",0.0694444444444444
"186","1990",0.303111301186785
"184","1990",0.268703321735008
"153","1990",0.357470210815765
"208","1990",0.189024390243902
"265","1990",0
"266","1990",0
"267","1990",0.244221115545413
"270","1990",0.5
"273","1990",0.474724429633427
"143","1990",0
"275","1990",0
"278","1990",0
"279","1990",0
"269","1990",1
"277","1990",0.209497206703911
"280","1990",0.421052631578947
"281","1990",0.285046728971963
"282","1990",0.280186630198697
"283","1990",0.256267409470752
"285","1990",0.464583333333333
"271","1990",0.172127064413534
"289","1990",0.316804513886212
"290","1990",0.175597169199197
"291","1990",0.135922330097087
"293","1990",0.565875914195361
"295","1990",0.181888246628131
"238","1990",0.182075805880269
"235","1990",0.38656529549939
"9913","1990",0.23331463825014
"304","1990",0.417103504985096
"305","1990",0.0641773628938156
"306","1990",0
"314","1990",0.118707260735779
"315","1990",0.222222222222222
"355","1990",0.214438884917798
"318","1990",0.191136878174142
"317","1990",0.309460307159502
"316","1990",0.105941555575174
"320","1990",0.489007652131665
"322","1990",0.689119170984456
"331","1990",0.664596273291925
"329","1990",0.405569620253165
"330","1990",0.24578313253012
"328","1990",0.0654307524536532
"333","1990",0.500548847420417
"332","1990",0.259872611464968
"337","1990",0.28735632183908
"240","1990",0.282089552238806
"237","1990",0.107388467642391
"348","1990",0.38961038961039
"9902","1990",0.271487703920136
"313","1990",0.178752107925801
"9910","1990",0.29673590504451
"360","1990",0
"59","1990",0.131845141982828
"361","1990",1
"363","1990",0.523809523809524
"166","1990",0
"370","1990",0
"158","1990",0.470588235294118
"374","1990",0.363636363636364
"375","1990",0.363636363636364
"380","1990",0.148777895855473
"384","1990",1
"385","1990",0.737265415549598
"386","1990",0.8
"389","1990",0.564102564102564
"390","1990",0.351904656720014
"394","1990",0
"395","1990",0
"399","1990",0.385852090032154
"405","1990",1
"406","1990",0.299290919834548
"407","1990",0.396878803063927
"213","1990",0.247178710162258
"64","1990",0.401215805471125
"409","1990",0.295338349080859
"413","1990",0.183583755957633
"418","1990",0.292517452721969
"425","1990",0.238877118644068
"433","1990",0.24894173115359
"435","1990",0.410546838733637
"432","1990",0.249640781170016
"436","1990",0.258224705152079
"420","1990",0.16044776119403
"427","1990",0.214868395227815
"437","1990",0.37791932059448
"440","1990",0.273177027317703
"85","1990",0.2215902214692
"448","1990",0.28052805280528
"449","1990",0.12545635579157
"452","1990",0.485549132947977
"453","1990",0.346153846153846
"464","1990",0
"461","1990",0
"465","1990",0
"466","1990",0
"468","1990",0
"467","1990",0
"473","1990",0
"470","1990",0
"479","1990",0.210526315789474
"450","1990",0.4
"477","1990",0
"478","1990",1
"480","1990",0.143901916679248
"483","1990",0.333333333333333
"484","1990",0
"9906","1990",0
"462","1990",0.281771005851827
"488","1990",0.209345794392523
"494","1990",0.242587601078167
"496","1990",0.0886524822695035
"498","1990",0
"16","1990",0.0825054769634142
"501","1990",0
"504","1990",0
"507","1990",0.404202756798725
"508","1990",0.12565445026178
"509","1990",0.132335565183143
"518","1990",0.252563814113497
"531","1990",0.289882469608733
"532","1990",0.546558704453441
"537","1990",0
"391","1990",0
"510","1990",0.765625
"544","1990",0.765625
"545","1990",0
"547","1990",0.728318160038332
"549","1990",0.23073500439742
"555","1990",0.5
"563","1990",0
"558","1990",0
"561","1990",0
"562","1990",0
"554","1990",0.196078431372549
"418","1991",0
"572","1991",1
"251","1993",0.345377830417076
"5","1993",0.302144382575795
"29","1993",0.8125
"45","1993",0.387228626884427
"54","1993",0.493066096922494
"61","1993",0.508131043205092
"102","1993",0.318321716319184
"159","1993",0.592783505154639
"267","1993",0.198594692051744
"235","1993",0.291609292116935
"305","1993",0.825
"317","1993",0.506399182624531
"237","1993",0.366838487972509
"9902","1993",0.410315490960652
"409","1993",0.482027573847652
"418","1993",0.68609865470852
"433","1993",0.296851574212893
"432","1993",0.28127600554785
"507","1993",0.15563981042654
"531","1993",0.503300192093815
"604","1993",0.285714285714286
"605","1993",0
"606","1993",0.0556792873051225
"613","1993",1
"607","1993",0.3
"618","1993",0.3
"617","1993",0.1
"619","1993",0.619335347432024
"623","1993",0.716216216216216
"624","1993",0.361848574237955
"625","1993",0.625
"626","1993",0.8125
"629","1993",0.231830197073988
"633","1993",0.378977419608637
"635","1993",1
"650","1993",0.682080924855491
"653","1993",0.549634442046756
"644","1993",0.627280625543006
"649","1993",0.577396096440873
"722","1993",1
"667","1993",0.684873949579832
"668","1993",1
"674","1993",1
"677","1993",0
"723","1993",0.914634146341464
"642","1993",1
"687","1993",1
"688","1993",0.444444444444444
"690","1993",0.222222222222222
"701","1993",0.260869565217391
"702","1993",0.35
"654","1993",1
"707","1993",0.426320902141319
"506","1993",0.627659574468085
"720","1993",0.787234042553192
"683","1993",0.627659574468085
"251","1994",0.112407754429451
"3","1994",0.232063520988465
"1","1994",0.220983646933718
"32","1994",0.391608391608392
"45","1994",0.276974036364864
"18","1994",0.121052663239287
"124","1994",0
"131","1994",0.27215493979492
"162","1994",0.202014549524342
"235","1994",0.527252081756245
"322","1994",0.509090909090909
"385","1994",0.5
"390","1994",0.419616557283861
"508","1994",0.615384615384615
"531","1994",0.0951775320155245
"549","1994",0
"624","1994",0.191315034821794
"629","1994",0.49269588313413
"633","1994",0.206623349175468
"653","1994",0.260692599149556
"702","1994",0.333333333333333
"707","1994",0.266451115111879
"801","1994",1
"803","1994",0
"804","1994",0.0736107593606832
"810","1994",1
"814","1994",1
"819","1994",0.395604395604396
"818","1994",0.545454545454545
"822","1994",0
"824","1994",0.108897370468543
"222","1994",0.4
"829","1994",0.6
"830","1994",0.75
"832","1994",0.489181472851617
"811","1994",0.5
"835","1994",0.615384615384615
"837","1994",0.615384615384615
"848","1994",0.261437908496732
"845","1994",0.253521126760563
"866","1994",0.46969696969697
"870","1994",0.388489208633094
"882","1994",0.527027027027027
"871","1994",0.269662921348315
"1336","1994",0.244783284194528
"887","1994",0.522471910112359
"865","1994",0.496402877697842
"895","1994",1
"850","1994",0
"849","1994",0
"905","1994",0.393179538615847
"907","1994",0.184971098265896
"909","1994",0.164383561643836
"915","1994",0.7
"54","1995",1
"18","1995",0.241837968561064
"131","1995",0.467005076142132
"390","1995",1
"407","1995",0.39873417721519
"531","1995",1
"633","1995",0.130434782608696
"824","1995",0.340287402436356
"952","1995",1
"950","1995",1
"959","1995",1
"961","1995",0.930669234472797
"962","1995",0
"965","1995",0
"970","1995",1
"971","1995",1
"977","1995",0.5
"37","1996",0.0586181968666554
"251","1996",0.364612577860762
"1","1996",0.0824666094492598
"10","1996",0.0139371974159672
"17","1996",0.123545060797846
"28","1996",0.0975372193060785
"33","1996",0.0267985802872758
"45","1996",0.0822838843901322
"54","1996",0.447843855600487
"9901","1996",0.0722926831962313
"57","1996",0.180463525410238
"18","1996",0.0647348195985668
"76","1996",0.155825255493662
"89","1996",0.40720236786598
"91","1996",0
"92","1996",0.0127656559828048
"102","1996",0.190948956109614
"120","1996",0.122046497017951
"124","1996",0.0292393363273426
"159","1996",0.378701953371141
"183","1996",0.212987601200249
"317","1996",0.285133855307582
"363","1996",0
"407","1996",0.173841059602649
"409","1996",0.253490924247606
"413","1996",0.0809898358136792
"418","1996",0
"427","1996",0
"466","1996",0.223053542202478
"480","1996",0.114692855723676
"507","1996",0.44670510708402
"531","1996",0.162215159294427
"549","1996",0.0384080658743685
"617","1996",0.199522182776252
"624","1996",0.474393068542507
"633","1996",0.342347365486479
"653","1996",0.295711986386582
"649","1996",0.11390872775693
"677","1996",0.207418837018788
"702","1996",0.128440366972477
"804","1996",0.071964451912951
"824","1996",0.0538393592467237
"905","1996",0.363962348722546
"907","1996",0.456521739130435
"909","1996",0.187290969899666
"952","1996",0.619710342249459
"950","1996",0.247389888952292
"1000","1996",0.611867704280156
"1009","1996",0
"1016","1996",1
"1019","1996",0.184252372130083
"1020","1996",0.25705599419185
"1022","1996",0.303656943839791
"1023","1996",0.404472532814779
"9911","1996",0.219112905972015
"9903","1996",0.166666666666667
"1063","1996",0.182956631012581
"1030","1996",0.111373011196229
"1032","1996",0
"1040","1996",0.129421593909589
"1042","1996",0.514754126926575
"1094","1996",0.178384442782349
"1043","1996",0.485010706638116
"1045","1996",0.455284552845528
"1046","1996",0.230307786563387
"1185","1996",0.552845528455285
"1047","1996",0
"9921","1996",0.261585216610916
"9907","1996",0.20354233311291
"1054","1996",0.210526315789474
"1057","1996",0.291749928632601
"1058","1996",0.149854815983476
"9920","1996",0.222470501675886
"1059","1996",0.288863764838892
"1062","1996",0.198521647307286
"303","1996",0.0836801259700821
"1066","1996",0
"1068","1996",0
"1069","1996",0.262582056892779
"1072","1996",0.348646110502426
"1081","1996",0.245086705202312
"1093","1996",0.346153846153846
"1097","1996",0
"1109","1996",0.212765957446809
"1110","1996",0
"1335","1996",0.230538531751206
"1114","1996",0.114022500661679
"1116","1996",0.189873417721519
"1121","1996",0.115833257979926
"1124","1996",1
"1126","1996",0.510204081632653
"1134","1996",0
"1136","1996",1
"1142","1996",0.142988929889299
"1140","1996",0.117647058823529
"1148","1996",0.183976261127596
"1152","1996",0.5
"1153","1996",0.5
"1155","1996",0.289053447406107
"1147","1996",0.199928076007189
"1158","1996",0.363636363636364
"1163","1996",0.255813953488372
"1160","1996",0.405797101449275
"1168","1996",0
"1173","1996",0.201801801801802
"1174","1996",0.6
"1176","1996",0.347826086956522
"1179","1996",0.347826086956522
"1190","1996",0
"37","1997",0.152305381415498
"251","1997",0.425663816794648
"1","1997",0.200283875936588
"5","1997",0.418105101649405
"9","1997",0.125279912848756
"28","1997",0.148785836823248
"45","1997",0.154464380696759
"54","1997",0.248133081159247
"9901","1997",0.220592073168366
"18","1997",0.266861327969003
"76","1997",0.369265531059417
"89","1997",0.374313873675916
"92","1997",0.227932984556908
"94","1997",0.342422351716389
"102","1997",0.183120749882518
"120","1997",0.263201651629288
"124","1997",0.236980593014714
"127","1997",0.411899313501144
"131","1997",0.318864040067846
"159","1997",0.284704330184335
"162","1997",0.394004246768301
"143","1997",0.207510951419993
"317","1997",0.241676612206264
"59","1997",0.141464061093656
"409","1997",0.207589567101529
"413","1997",0.223446729558253
"480","1997",0.330605561107672
"507","1997",0.205301267132144
"509","1997",0.202898550724638
"606","1997",0.242314831625018
"619","1997",0.167992926613616
"624","1997",0.687931014894511
"635","1997",1
"653","1997",0.392440634293437
"649","1997",0.539607751920393
"677","1997",0.131055883090667
"707","1997",0.348264104153751
"804","1997",0.119444277134234
"824","1997",0.106284986145302
"832","1997",0.323371733153281
"1336","1997",0.557321435283763
"952","1997",0.299619869826965
"950","1997",0.160436732888179
"959","1997",0.567595459236326
"961","1997",0.413164238255533
"1000","1997",0.57085823454492
"1020","1997",0.241390905085453
"1022","1997",0.379246831768404
"9911","1997",0.158236256354428
"1063","1997",0.558581882545637
"1042","1997",0.503886294279307
"1094","1997",0.183955576559546
"1046","1997",0.422984536856328
"1069","1997",0.410351201478743
"1335","1997",0.309047010367845
"1114","1997",0.313693576388889
"1147","1997",0.487252659315381
"1205","1997",0.516129032258065
"1217","1997",0.29112145428998
"1219","1997",0.254545454545455
"1220","1997",0.280481041478152
"1221","1997",0.225988700564972
"1227","1997",0.64
"1233","1997",0.390243902439024
"1234","1997",0.390243902439024
"1237","1997",0.673913043478261
"1239","1997",0.388046983560997
"1247","1997",0.3125
"1248","1997",0.310880829015544
"1249","1997",0
"1251","1997",0.416666666666667
"1253","1997",0.368852459016393
"1254","1997",0
"1255","1997",1
"170","1997",0.54460302551322
"1258","1997",0.403489640130862
"1261","1997",0.780487804878049
"1264","1997",0.549356223175966
"1266","1997",0.549356223175966
"1267","1997",0.249062877410303
"1272","1997",0.652892561983471
"1270","1997",0.765625
"1275","1997",0.807692307692308
"1276","1997",0.761904761904762
"1277","1997",0.761904761904762
"1280","1997",0.613733905579399
"1281","1997",0.673913043478261
"1274","1997",1
"1284","1997",0.398009950248756
"9914","1997",0.733025708635465
"1291","1997",1
"1296","1997",0.477763659466328
"1292","1997",0.21899419009735
"1293","1997",0.514757969303424
"1297","1997",0.238805970149254
"1301","1997",0.256410256410256
"1307","1997",0.70608467774957
"1309","1997",0.698151950718686
"1311","1997",0.6875
"1313","1997",0.415644589806487
"1315","1997",0.372340425531915
"1317","1997",0.524235246173047
"1320","1997",0.675675675675676
"1329","1997",0.423228346456693
"1332","1997",0.263626028221762
"1334","1997",0.365922208771205
"1337","1997",0.409659449077213
"1351","1997",0.755678131083712
"1345","1997",1
"1346","1997",0.5
"1344","1997",0.5
"1348","1997",0.3
"1350","1997",1
"185","1997",1
"1354","1997",1
"1357","1997",0.669421487603306
"1358","1997",0.549963475014204
"1146","1997",0.43768740532103
"1362","1997",0.78494623655914
"1364","1997",0.834236790683167
"1369","1997",1
"1370","1997",0.814159292035398
"37","1998",0.15075444311421
"251","1998",0.31165264469991
"3","1998",0.194877487448003
"1","1998",0.137985967501688
"10","1998",0.130885181321771
"33","1998",0.120004633280186
"45","1998",0.21497040879269
"54","1998",0.307575817588041
"9901","1998",0.29377449894831
"89","1998",0.537720154451289
"94","1998",0.434245094110522
"102","1998",0.351539809168455
"118","1998",0.267920271253058
"131","1998",0.176745682891267
"159","1998",0.570670006261741
"409","1998",0.181994590660016
"413","1998",0.131824874426819
"480","1998",0.286080493702559
"518","1998",0.478891230637168
"549","1998",0.0551332535587628
"653","1998",0.312613814262259
"677","1998",0.364262646983173
"804","1998",0.149387058778785
"824","1998",0.161173112024414
"222","1998",0.548387096774194
"1336","1998",0.634590222651053
"952","1998",0.513727993070722
"950","1998",0.392672746314515
"961","1998",0.39292655538496
"1019","1998",0.226441503624273
"303","1998",0.47930174563591
"1155","1998",0.151305401770267
"1147","1998",0.435552439332243
"1239","1998",0.287660917300654
"1253","1998",0
"170","1998",0.407073716162096
"1272","1998",0.806201550387597
"1284","1998",1
"1313","1998",0.403091704132537
"1329","1998",0.455922865013774
"1332","1998",0.416176173079326
"1334","1998",0.425896310959828
"1337","1998",0.370461312068093
"1358","1998",0.28453247014845
"1146","1998",0.333263602944867
"1404","1998",0.402243950934414
"1420","1998",0.76
"1410","1998",0.465656775264578
"1417","1998",0.344908283112656
"1414","1998",0.343137254901961
"1424","1998",0.265634121033682
"1422","1998",0.0486706533420624
"1438","1998",0.262640584446794
"1426","1998",0.125
"1429","1998",1
"1436","1998",0.319148936170213
"1435","1998",0.411680032901501
"1442","1998",0.576158940397351
"1450","1998",0.420382165605096
"1451","1998",0.463735267452403
"1452","1998",1
"1461","1998",0.110096453260077
"9915","1998",0.39647577092511
"1466","1998",0.68
"1469","1998",0.4107862320797
"1470","1998",0.491883231458198
"1472","1998",0.216277676978167
"1473","1998",0.427046263345196
"56R","1998",1
"1479","1998",1
"1458","1998",0.137897384600848
"1488","1998",1
"1493","1998",0.259067357512953
"1496","1998",0.6
"1497","1998",0.6
"1500","1998",0.531914893617021
"1501","1998",0.522375205764682
"1503","1998",0.495412844036697
"1504","1998",0.571428571428572
"1505","1998",0.571428571428572
"1507","1998",0.62625323138789
"1418","1998",0.453695940116413
"1510","1998",0.473655464479726
"1512","1998",0.595674707014346
"1513","1998",0.709292412617221
"1515","1998",0.782690498588899
"37","1999",0.0728462323506244
"251","1999",0.619411017073401
"3","1999",0.348502144939931
"1","1999",0.0568942743965434
"10","1999",0.0277453760051462
"17","1999",0.350009222296879
"33","1999",0.145265067467288
"45","1999",0.359065665128852
"54","1999",0.234170656600776
"76","1999",0.149053679602181
"94","1999",0.415091450379204
"102","1999",0.128570426784351
"120","1999",0.102259695504043
"127","1999",0.774695132604214
"131","1999",0.193915582753764
"162","1999",0.897603598369642
"413","1999",0.111608805636855
"480","1999",0.15924385375425
"531","1999",0.397037151398896
"549","1999",0.123170079351043
"624","1999",0.615834882237079
"653","1999",0.358779511577726
"674","1999",0.417590241355578
"723","1999",0.535433070866142
"804","1999",0.0995933454449789
"824","1999",0.121514751172054
"832","1999",0.565153365310011
"1336","1999",0.52369810177489
"905","1999",0.490438509726344
"952","1999",0.54578468346748
"1019","1999",0.446934761210981
"1022","1999",0.780392156862745
"9911","1999",0.130383194656916
"1040","1999",0.142470155473259
"1114","1999",0.25289913816851
"1147","1999",0.530645447431145
"170","1999",0.460294476294444
"9914","1999",0.980804919258787
"1332","1999",0.522328970363049
"1334","1999",0.449929551718138
"1146","1999",0.316609104115173
"1438","1999",0.24330900243309
"1461","1999",0.109066146911012
"1469","1999",0.419024403767065
"1470","1999",0.463127813451378
"1472","1999",0.208591009197114
"1493","1999",0.18848167539267
"1602","1999",0.607142857142857
"9908","1999",0.325581395348837
"1618","1999",0.593430234161679
"1621","1999",0.578313253012048
"1605","1999",0.403785488958991
"1622","1999",0.413793103448276
"1623","1999",0.3125
"1626","1999",0.307692307692308
"1628","1999",0.613992496137718
"1630","1999",0.468928962910445
"1631","1999",0.563258232235702
"1632","1999",0.672443674176776
"1633","1999",0.337483262619339
"1634","1999",0.339769301676674
"1645","1999",0.47451292574591
"1651","1999",0.784144588211132
"1662","1999",0.665051483949122
"1667","1999",1
"1672","1999",0.36
"1674","1999",0.673913043478261
"1676","1999",0.224052087322865
"1677","1999",0.298578199052133
"9904","1999",0
"9916","1999",0
"1687","1999",0
"1692","1999",0.366480446927374
"1693","1999",0.275862068965517
"2102","1999",0.225988477626075
"1695","1999",0.176470588235294
"1696","1999",0.176470588235294
"1697","1999",0.176470588235294
"37","2001",0.091458936392197
"3","2001",0.112090865789104
"1","2001",0.0344057220075048
"5","2001",0.0861045555317171
"9","2001",0.280723436876308
"17","2001",0.12482853223594
"28","2001",0.0763872471800741
"33","2001",0.113200278336139
"45","2001",0.162282518752083
"57","2001",0.0273884669451687
"89","2001",0.126099785746457
"92","2001",0.0998976912725639
"102","2001",0.156063413118777
"293","2001",0.211477205273762
"213","2001",0.0696091986424534
"480","2001",0.0670980587412856
"16","2001",0.341864716636197
"507","2001",0.134135193649266
"531","2001",0.163748537436875
"606","2001",0.0576832985762802
"653","2001",0.0149240132657896
"677","2001",0.0235133943332603
"824","2001",0.0175691856974903
"1336","2001",0.234611051070386
"1019","2001",0.216532165599901
"1173","2001",0.0847628657921292
"1313","2001",0.101403600922116
"1364","2001",0.108520437535982
"1676","2001",0.0427649848335968
"1642","2001",0
"1715","2001",0
"1716","2001",1
"1720","2001",0.5
"1721","2001",0.5
"1723","2001",0.320754716981132
"1730","2001",0.523809523809524
"1735","2001",0.470588235294118
"1737","2001",0.571428571428572
"1739","2001",0.255358835316609
"1744","2001",0.4
"1749","2001",0.4
"1750","2001",0.4
"1753","2001",0.178571428571429
"1752","2001",0.478260869565217
"1757","2001",0.146031419992996
"1759","2001",0.666666666666667
"1756","2001",0.666666666666667
"1764","2001",0
"1765","2001",0
"1771","2001",0
"1779","2001",0.178031888182123
"1777","2001",0
"1774","2001",0
"1796","2001",0.09375
"1803","2001",0.09375
"1804","2001",0.09375
"1825","2001",0.2
"1818","2001",0
"1791","2001",0
"1829","2001",0.138720715977889
"1832","2001",0.333333333333333
"37","2002",0.0504626003624538
"251","2002",0.198613821999266
"3","2002",0.102257288696674
"1","2002",0.0422728816163437
"10","2002",0.046146386020595
"9","2002",0.105605939723529
"17","2002",0.256139638062134
"28","2002",0.192160090188476
"33","2002",0.0471659000946943
"45","2002",0.159646414562176
"76","2002",0.124657192965996
"92","2002",0.0672226880742388
"102","2002",0.158681134336047
"120","2002",0.0296270155411769
"124","2002",0.0633329129394906
"127","2002",0.128043111190947
"293","2002",0.19718434082163
"317","2002",0.168873743691498
"213","2002",0.115959492650153
"409","2002",0.170714303096746
"413","2002",0.0556468265906048
"480","2002",0.0744133253099497
"16","2002",0.122684205224186
"531","2002",0.416493637826104
"549","2002",0.0432502353624886
"606","2002",0.0565714931652765
"649","2002",0.256338248045626
"674","2002",0.305932303337658
"677","2002",0.0306029183203636
"804","2002",0.0376875740334842
"824","2002",0.0182630437092065
"832","2002",0.209385976032543
"952","2002",0.383421586189248
"961","2002",0.211908309526372
"1019","2002",0.220529560931831
"1313","2002",0.314356865993721
"1364","2002",0.651756369315401
"1458","2002",0.0247536014073141
"1512","2002",0.221818181818182
"1676","2002",0.173794779790497
"2102","2002",0
"1779","2002",0.0803838725633828
"1829","2002",0.785677127127049
"1904","2002",0.575171821305842
"1914","2002",0.36
"1907","2002",0.530612244897959
"1917","2002",0.291793313069909
"1919","2002",0.333333333333333
"1924","2002",0.647887323943662
"1926","2002",0.647887323943662
"1929","2002",0.119204448246364
"1930","2002",0.0529801324503311
"1932","2002",1
"2130","2002",0.276729559748428
"2131","2002",0.424460431654676
"1978","2002",0.13677811550152
"2133","2002",0.339080459770115
"1966","2002",0.33489242282507
"2135","2002",0.371069182389937
"2137","2002",0.371069182389937
"2138","2002",0.462616822429907
"1967","2002",0.177993527508091
"2146","2002",0.468085106382979
"2147","2002",0.530612244897959
"2148","2002",0
"2150","2002",0
"2144","2002",0.408945686900958
"1939","2002",0.804878048780488
"1942","2002",0.421052631578947
"1943","2002",0.421052631578947
"1946","2002",0.18018018018018
"2153","2002",0.205128205128205
"2156","2002",0.571428571428572
"1951","2002",0
"1956","2002",0.361702127659574
"1957","2002",0.288135593220339
"1959","2002",0.288135593220339
"1961","2002",0.361702127659574
"1960","2002",0.361702127659574
"1962","2002",0.414634146341463
"1964","2002",0.272727272727273
"1968","2002",0
"1971","2002",0
"1972","2002",0
"1970","2002",0
"1980","2002",0.468085106382979
"1981","2002",0.403669724770642
"1983","2002",0.496124031007752
"1982","2002",0.571428571428572
"1987","2002",0
"2000","2002",0.764705882352941
"2008","2002",0.764705882352941
"2010","2002",0.661016949152542
"2013","2002",0.8125
"2014","2002",0.256410256410256
"2020","2002",0.252252252252252
"2019","2002",0.0961538461538461
"2021","2002",0.176470588235294
"2022","2002",0.176470588235294
"2025","2002",0.240963855421687
"2028","2002",0.105913616193467
"2029","2002",0.252427184466019
"2030","2002",0.252427184466019
"2033","2002",0.229885057471264
"2032","2002",0.246913580246914
"2036","2002",0.1875
"2038","2002",0.3
"2040","2002",0.166666666666667
"2042","2002",0.075
"2041","2002",0.0851063829787234
"2044","2002",0.285714285714286
"2034","2002",0.177777777777778
"2048","2002",0.200565604694398
"2049","2002",0.25
"2052","2002",0
"2062","2002",0
"2056","2002",0
"2077","2002",0.797297297297297
"2081","2002",0.797297297297297
"2089","2002",0
"2090","2002",0
"2096","2002",0
"2097","2002",0
"2101","2002",0
"2103","2002",0
"2104","2002",0
"2106","2002",0
"2107","2002",0
"2109","2002",0
"2110","2002",0
"2112","2002",1
"2116","2002",1
"251","2003",0.0112557520271246
"3","2003",0.054849892855638
"1","2003",0.0290174332263879
"33","2003",0.0125636642236759
"45","2003",0.0376721578583467
"54","2003",0.439342076329762
"92","2003",0
"120","2003",0.0296647473438431
"413","2003",0.0270123675487375
"480","2003",0.0102385354601554
"606","2003",0.155192996418623
"824","2003",0.0157779583754062
"1470","2003",0.0152691182084235
"2102","2003",0.0419482030883605
"2107","2003",0
"9917","2003",0
"9905","2003",0
"9909","2003",0
"2220","2003",0.264705882352941
"2229","2003",0.2
"2232","2003",0.25
"2233","2003",0.2
"2235","2003",0.166666666666667
"2237","2003",0.333333333333333
"2238","2003",0
"2241","2003",0.233160621761658
"2263","2003",0.233160621761658
"9922","2003",0
"2246","2003",0
"2250","2003",0
"2252","2003",0
"2258","2003",1
"2259","2003",0.365853658536585
"2260","2003",0.365853658536585
"54","2006",0.447487132878189
"89","2006",0.808069163216117
"120","2006",0.337349397590361
"143","2006",0.1
"531","2006",0.503767512772573
"824","2006",0.315789473684211
"832","2006",0.708676532645757
"952","2006",0.574801214192304
"1147","2006",0.565301458373165
"1313","2006",0.0783783783783784
"1458","2006",0.418024069525222
"1757","2006",0.486244155529235
"1779","2006",0.422969675845242
"1904","2006",0.627021987413565
"1747","2006",0.38522129428645
"3009","2006",0.308888875102539
"3012","2006",0.277556136283577
"3013","2006",0
"3087","2006",0.120689655172414
"3024","2006",0
"3025","2006",0
"9918","2006",0.5
"56","2006",0.821643286573146
"4103","2006",0.49441000123726
"3082","2006",0.5
"3085","2006",0.5
"3086","2006",0.358442227597361
"3098","2006",0.7421875
"3101","2006",0.653846153846154
"3103","2006",0.4
"3106","2006",0.25
"3108","2006",0.571428571428571
"89","2007",0.431665807117071
"952","2007",1
"1747","2007",0.182007280291212
"3012","2007",0.339231927710843
"4103","2007",0.390674647158797
"3086","2007",0.584415584415584
"4104","2007",1
"4107","2007",0.5
"4108","2007",0.5
"4111","2007",0.571428571428571
"4113","2007",0.340659340659341
"4114","2007",0.294117647058823
"4116","2007",0.8
"4117","2007",0.340659340659341
"4118","2007",0.294117647058823
"4119","2007",0
"4120","2007",0
"76","2008",1
"1114","2008",0.666666666666667
"4200","2008",0
"4201","2008",0
"4203","2008",0
"4207","2008",0.333333333333333
"4206","2008",0.333333333333333
"4208","2008",0.666666666666667
"4513","2009",1
"4514","2009",1
"28","2010",0.526170313208807
"45","2010",0.457832682685602
"54","2010",0.441459247937453
"76","2010",0.304617849956082
"89","2010",0.225118114520831
"120","2010",0.521768055439499
"480","2010",0.205047365292488
"16","2010",0.118874922384443
"606","2010",0.263197524274115
"804","2010",0.215922601179514
"832","2010",0.534913091650918
"961","2010",0.395689831449072
"1025","2010",0
"1147","2010",0.32709645344421
"1364","2010",0.488279902600193
"1458","2010",0.337443932812769
"1757","2010",0.300029286545891
"1779","2010",0.176552237091108
"1904","2010",0.468996673401078
"2028","2010",0.110508484487631
"2048","2010",0.177531932330574
"1747","2010",0.640676016473724
"3009","2010",0.411966275355324
"3012","2010",0.173230627977775
"3025","2010",0.176280812241254
"4103","2010",0.159953594632797
"3086","2010",0.488505857230648
"4113","2010",0.602640992321944
"4114","2010",0.372502470529214
"4117","2010",0.423676127195325
"4118","2010",0.59748427672956
"4203","2010",0.333129775561149
"4206","2010",0.318810007130131
"4513","2010",0.341835886477195
"5026","2010",0.249175544140867
"5908","2010",0.458715596330275
"5910","2010",0.537254901960784
"5044","2010",0.199537419404899
"5223","2010",0.302406622711582
"5009","2010",0.316095194449495
"5075","2010",0.240796132478883
"5032","2010",0.307527562344515
"5003","2010",0.241783211420627
"5031","2010",0.25160643258948
"5033","2010",0.204742055947816
"5067","2010",0.249445961473891
"5109","2010",0.584919799449701
"5114","2010",0.503793658467947
"5111","2010",0.52688184807512
"5029","2010",0.320531317590111
"9919","2010",0.0874171165451214
"5919","2010",0.374367471228337
"5161","2010",0.448989230557565
"5158","2010",0.315622554792144
"5036","2010",0.296043745065934
"5035","2010",0.298601985445974
"5039","2010",0.231149784653096
"5127","2010",0.414126698026709
"5184","2010",0.293265340934766
"5113","2010",0.29793003961367
"5193","2010",0.468656109320088
"5148","2010",0.64228047722294
"5112","2010",0.340259617693983
"5926","2010",0.530415817173202
"5080","2010",0.433322110338987
"5078","2010",0.495844310884009
"5088","2010",0.493538721743493
"5963","2010",0.627978794585414
"5106","2010",0.488558597353405
"5069","2010",0.408699379879828
"5019","2010",0.427955021094045
"5144","2010",0.47501077361336
"5137","2010",0.5224688684353
"5986","2010",0.33976833976834
"5104","2010",0.219427090417703
"5025","2010",0.625735614744379
"5092","2010",0.816575808279808
"4514","2010",0.80555989456974
"5165","2010",0.228069984793453
"5130","2010",0.468634197988354
"5154","2010",0.572992700729927
"5028","2010",0.351219151868258
"10","2011",0.161536857635623
"45","2011",0.252809954641905
"54","2011",0.195311176431222
"76","2011",0.185155739319895
"89","2011",0.132978503190224
"92","2011",0.122225893115716
"102","2011",0.095047690777551
"162","2011",0.361401921718144
"293","2011",0.220768472191339
"409","2011",0.220537564566004
"480","2011",0.116955132934029
"16","2011",0.0781373189225651
"531","2011",0.378238425913812
"606","2011",0.272733795972999
"804","2011",0.110173826469043
"832","2011",0.221255303394449
"1336","2011",0.188305316330064
"952","2011",0.434041412033684
"961","2011",0.316797326982373
"303","2011",0.236828625211732
"170","2011",0.258489722134733
"1313","2011",0.240176391841877
"1364","2011",0.366846099065537
"1458","2011",0.121219879701472
"2102","2011",0.205185682353117
"1739","2011",0.0811619970356473
"1757","2011",0.230882402747959
"1779","2011",0.0219627461473344
"1829","2011",0.067657754539214
"1929","2011",0.543580131208997
"2013","2011",0.111654112524558
"2028","2011",0.0817420668109424
"2048","2011",0.147410516094664
"2246","2011",0.32171581769437
"3009","2011",0.129738699661387
"3012","2011",0.124513707709861
"3025","2011",0.160348921114499
"9918","2011",0.610232286055524
"4103","2011",0.121091011674851
"3098","2011",0.162772671907873
"4114","2011",0.282042575751443
"4117","2011",0.217808374757518
"4203","2011",0.265530066256397
"4206","2011",0.240901941437522
"4513","2011",0.362661084667223
"5026","2011",0.374074256969849
"5044","2011",0.300095502425102
"5009","2011",0.342369568002969
"5075","2011",0.132292336990919
"5032","2011",0.181400470720777
"5003","2011",0.153458929116073
"5031","2011",0.132899479868898
"5033","2011",0.10952684152547
"5067","2011",0.225743516258919
"5109","2011",0.2840213672391
"5114","2011",0.289953134035572
"5111","2011",0.299775238816219
"5029","2011",0.37443224569646
"9919","2011",0.079236002966331
"5161","2011",0.158534107669725
"5158","2011",0.0800940562427586
"5036","2011",0.180224226005892
"5035","2011",0.133801035963018
"5039","2011",0.329081085883405
"5127","2011",0.124793471381966
"5184","2011",0.357677484817572
"5113","2011",0.26563932629675
"5193","2011",0.302962066126137
"5148","2011",0.217859657694467
"5112","2011",0.249065276367297
"5080","2011",0.386963143682699
"5088","2011",0.542946166458995
"5106","2011",0.530150728735505
"5069","2011",0.310895454144631
"5019","2011",0.119416086054142
"5144","2011",0.353254788105762
"5137","2011",0.213808607332891
"5104","2011",0.100203454692241
"5025","2011",0.463558465453377
"5092","2011",0.428141284816071
"4514","2011",0.594767689456227
"5165","2011",0.149011484620463
"5130","2011",0.209083654279865
"5154","2011",0.250642529891608
"5011","2011",0.199572344975053
"5001","2011",0.264243502773698
"5002","2011",0.309682775507296
"5005","2011",0.333333333333333
"5006","2011",0.428571428571429
"5007","2011",0
"5016","2011",0.573492094475893
"5146","2011",0.198113791426593
"5015","2011",0.482758620689655
"5018","2011",0.121977978986319
"5021","2011",0.252636742702968
"5027","2011",0.470995231637309
"5028","2011",0.271933142246983
"5045","2011",0.35708692247455
"5041","2011",0.212104981253348
"5170","2011",0.294736842105263
"5047","2011",0.592476489028213
"5049","2011",0.147984512308814
"5052","2011",0.40387163821572
"5053","2011",0.709677419354839
"5059","2011",0.215947750732063
"5061","2011",0.185108929356152
"3016","2011",0.182027318475917
"5071","2011",0.110042830661091
"5065","2011",0.134968235645499
"5068","2011",0.136052611695886
"5179","2011",0.197629173830423
"5081","2011",0.479663394109397
"5090","2011",0.877809351588737
"5091","2011",0.521690403219344
"5099","2011",0.144441871236684
"5079","2011",0.390635596668746
"5103","2011",0.166623275188753
"5043","2011",0
"5228","2011",1
"5117","2011",0.258007898200965
"5108","2011",0.28047390115668
"5116","2011",0.494252873563218
"5118","2011",0.307941653160454
"5115","2011",0.580246913580247
"5119","2011",0.340479192938209
"5110","2011",0.380035026269702
"5126","2011",0.463968410661402
"5128","2011",0.421200870567149
"5129","2011",0.353416358128576
"5124","2011",0.395833333333333
"5131","2011",0.252310536044362
"5123","2011",0.359602142310635
"5125","2011",0.302040816326531
"5133","2011",0.284226928371762
"5145","2011",0.366787585650947
"5135","2011",0.202418506834911
"5151","2011",0.323325635103926
"5142","2011",0.339622641509434
"5132","2011",0.449373701190599
"5149","2011",0.558823529411765
"5136","2011",0.335570469798658
"5140","2011",0.666666666666667
"5141","2011",0.472222222222222
"5024","2011",0.303933748615674
"5150","2011",0.274240940254652
"5202","2011",0.201307189542484
"5147","2011",0
"5139","2011",0.351197263397948
"5172","2011",0.315262718932444
"5159","2011",0.169533308192486
"5163","2011",0.87335092348285
"5168","2011",0.589676290463692
"5169","2011",0.5
"5064","2011",0.353180681794993
"5166","2011",0.609375
"5194","2011",0.375085921845773
"5173","2011",0.488372093023256
"5191","2011",0.435082872928177
"5183","2011",0.37037037037037
"5203","2011",0.5625
"5201","2011",0.459770114942529
"5204","2011",0.333333333333333
"5198","2011",0.334728033472803
"5199","2011",0.506713213272424
"5180","2011",0.352504638218924
"5185","2011",0.348837209302326
"5196","2011",0.413793103448276
"5197","2011",0.414258188824663
"5189","2011",0.476190476190476
"5063","2011",0.350929814037193
"5066","2011",0.337552742616034
"5214","2011",1
"5221","2011",0.428571428571429
"5217","2011",0.122423485321674
"5229","2011",0.23900264524346
"5222","2011",0
"5205","2011",0.203225806451613
"5220","2011",1
"5206","2011",0.405333996690751
"5208","2011",0.822335025380711
"28","2013",0.213567243688157
"45","2013",0.0553414514125388
"54","2013",0.12534188539865
"92","2013",0.0611280582359054
"102","2013",0.0489930351266665
"120","2013",0.318335646288316
"162","2013",0.127989657401422
"480","2013",0.149079914475585
"606","2013",0.130570740574731
"1458","2013",0.156530174900994
"1676","2013",0.27162472114871
"2102","2013",0.151514859074745
"1739","2013",0.126994622740121
"2028","2013",0.0552209737498713
"3009","2013",0.160901246470537
"3012","2013",0.132257790955918
"4103","2013",0.0603879523767752
"3098","2013",0.142368173024456
"4513","2013",0.0770004895167912
"5009","2013",0.0735888842259647
"9919","2013",0.0291734277667901
"5036","2013",0.242759330305046
"5035","2013",0.314072056953591
"5080","2013",0.297951271728974
"5078","2013",0.216325906084948
"5963","2013",0.17076797790603
"5104","2013",0.0228447381927646
"5165","2013",0.16174599324389
"5027","2013",0.806986899563319
"3016","2013",0.106123158489418
"5159","2013",0.112454656771498
"5194","2013",0.156087179215458
"5229","2013",0.101587238562254
"6000","2013",0.197407480704532
"6022","2013",0.214300020927473
"6001","2013",0.151477832512315
"6023","2013",0.208333333333333
"6003","2013",0.287823309442194
"6016","2013",0.205488733562587
"6017","2013",0
"6021","2013",0.2791882851785
"6002","2013",0
"6024","2013",0.0671140939597315
"6004","2013",0.272285251215559
"6005","2013",0
"6025","2013",0.0968153967947737
"6006","2013",0.172043010752688
"6028","2013",0.418277680140598
"6026","2013",0.471031417162661
"6008","2013",0.522935779816514
"6035","2013",0.307692307692308
"6027","2013",0.102389078498294
"6009","2013",0
"6010","2013",0.29963932075728
"6031","2013",0.316882655778448
"6011","2013",0.0932007811113084
"6014","2013",0.284829721362229
"6013","2013",0.661016949152542
"6012","2013",0.545454545454545
"6018","2013",0.271493212669683
"6015","2013",0.190927388988539
"6033","2013",0.625
"6034","2013",0
"6019","2013",0
"6020","2013",0
"45","2015",0.483166410660016
"54","2015",0.251867383128398
"102","2015",0.210088465807774
"293","2015",0.238192255477837
"531","2015",0.359099710301709
"804","2015",0.448857936548495
"832","2015",0.297248428645454
"961","2015",0.318335106709063
"303","2015",0.0997550508623153
"1147","2015",0.246820030986958
"1739","2015",0.123764243872121
"1757","2015",0.400729200150675
"1904","2015",0.197954917132808
"2028","2015",0.121621269114041
"2048","2015",0.136029935770521
"4103","2015",0.313587922685843
"4104","2015",0.135769394783951
"4113","2015",0.418750515020366
"4203","2015",0.432950788248018
"4513","2015",0.288733999484086
"5075","2015",0.274940023245198
"5003","2015",0.330771254961829
"5109","2015",0.216651087468319
"5114","2015",0.252536964431277
"5111","2015",0.302700437051183
"5029","2015",0.492998142900483
"9919","2015",0.106068293901639
"5158","2015",0.305365140109648
"5036","2015",0.216825672128463
"5035","2015",0.256596714822034
"5127","2015",0.297678255218361
"5080","2015",0.34844604239507
"5078","2015",0.433935135878063
"5104","2015",0.189886665997607
"5025","2015",0.54077831254305
"5092","2015",0.696977428137531
"5165","2015",0.319174559067279
"5001","2015",0.270734718236742
"5002","2015",0.257009602849592
"5018","2015",0.154262988536336
"5059","2015",0.146273676707017
"5061","2015",0.190571806064868
"5071","2015",0.262450684401612
"5068","2015",0.0889650687655848
"5133","2015",0.277214415149588
"5135","2015",0.140866873065015
"5132","2015",0.339599080826665
"5024","2015",0.234757872153915
"5194","2015",0.271250524361289
"5229","2015",0.587933753943218
"5206","2015",0.265080819162403
"6022","2015",0.290860036339789
"6016","2015",0.171647239091544
"6017","2015",0.174529676521063
"6025","2015",0.206149717809686
"6026","2015",0.323947986147711
"6027","2015",0.310363247863248
"6010","2015",0.344001152960245
"6015","2015",0.149369205236033
"6102","2015",0.219967646203448
"6100","2015",0
"6150","2015",0.364506329819477
"6103","2015",0
"6104","2015",0.494498170620288
"6133","2015",0.309626484504806
"6105","2015",0.380654808452605
"6106","2015",0.342184671092336
"6107","2015",0.437619229301793
"6151","2015",0.424971198156682
"6142","2015",0.283150259509595
"6153","2015",0.51552716805277
"6108","2015",0.526342635807996
"6155","2015",0.273200346921075
"6154","2015",0.357629427792916
"6110","2015",0.144267926148562
"6111","2015",0.357629427792916
"6112","2015",0.265316161393561
"6156","2015",0.458632691844383
"6109","2015",1
"6113","2015",0.449983652828485
"6158","2015",0.134571645185747
"6115","2015",0.342238768884527
"6114","2015",0.570957095709571
"6159","2015",0.602822996084896
"6160","2015",0.516155261160165
"6161","2015",0.288896736026645
"6117","2015",0.621992043469823
"6116","2015",0.450592885375494
"6118","2015",0.385711641680548
"6119","2015",0.231481481481481
"6163","2015",0.636363636363636
"6120","2015",0.206305281434522
"6121","2015",0.163934426229508
"6164","2015",0.163934426229508
"6122","2015",0.333633308204563
"6123","2015",0.281983174757202
"6124","2015",0.350515463917526
"6166","2015",0.4
"6125","2015",0.4
"6167","2015",0.455415976077943
"6126","2015",0.173917332800253
"6168","2015",0.141674333026679
"6169","2015",0.0923279841723456
"6170","2015",0.111527428136526
"6128","2015",0.342025684921982
"6129","2015",0.244040089520288
"6171","2015",0.527683763166162
"6172","2015",0.365765301453147
"6130","2015",0.32723014059373
"6127","2015",0.29853171031445
"6162","2015",0.486089952422247
"6131","2015",0.361252731245448
"6132","2015",0.504504504504504
"6173","2015",0.448047425967626
"6174","2015",0.504504504504504
"6139","2015",0.44275342083217
"6188","2015",0.470588235294118
"6134","2015",0.294117647058823
"6135","2015",0.141255605381166
"6175","2015",0
"6148","2015",0.428169542385596
"6176","2015",0
"6189","2015",0
"6136","2015",0
"6137","2015",0
"6138","2015",0.665034498108168
"6177","2015",0.800670016750419
"6178","2015",0.555860607972137
"6140","2015",0.551287641709842
"6141","2015",0.487143083196463
"6179","2015",0.421052631578947
"6143","2015",0.383771929824561
"6144","2015",0.385896042900705
"6145","2015",0.448683115994977
"6180","2015",0.384615384615385
"6146","2015",0.1
"6182","2015",0.480190586880323
"6147","2015",0.547428741897791
"6181","2015",1
"6183","2015",1
"6149","2015",1
"6185","2015",0.790173981613647
"6186","2015",0.87551867219917
"6187","2015",0.893238434163701
"45","2016",0.272885639893946
"54","2016",0.327377452113805
"89","2016",0.328413180750503
"92","2016",0.255019711968694
"102","2016",0.0949379373559933
"409","2016",0.339295098808202
"531","2016",0.439204811276683
"804","2016",0.236536589410796
"832","2016",0.282796029803492
"961","2016",0.311039914877294
"1364","2016",0.567650566766153
"1458","2016",0.262332608972175
"1739","2016",0.228839908291655
"1757","2016",0.201076759709311
"1904","2016",0.307492246307347
"2048","2016",0.140233599977829
"3009","2016",0.176059181705409
"3012","2016",0.25227317928924
"9918","2016",0.29443254256842
"4103","2016",0.207256741572154
"4104","2016",0.0373253833457011
"4113","2016",0.388574920126211
"4117","2016",0.334346011298103
"4203","2016",0.406771046291319
"4513","2016",0.423650395881218
"5075","2016",0.17028028054319
"5003","2016",0.22785166711318
"5067","2016",0.222772303769285
"5114","2016",0.327049472610884
"5111","2016",0.281437295439484
"5029","2016",0.519867122076466
"5158","2016",0.197298978415178
"5036","2016",0.184658989421543
"5035","2016",0.242976364160142
"5127","2016",0.291816054301903
"5112","2016",0.526332437058164
"5080","2016",0.421057159607055
"5078","2016",0.396956437719899
"5019","2016",0.290526605360107
"5144","2016",0.590993964264281
"5104","2016",0.140239641269649
"5025","2016",0.551685271228393
"5165","2016",0.225041333828559
"5001","2016",0.334668454299776
"5002","2016",0.460994424932844
"5018","2016",0.232022567239452
"5059","2016",0.284454908337746
"5061","2016",0.419013699559631
"5071","2016",0.251872107897687
"5068","2016",0.136344723661371
"5091","2016",0.364013463956109
"5108","2016",0.303351168745255
"5132","2016",0.403940242916302
"5024","2016",0.295004338136685
"5159","2016",0.171821885116975
"5064","2016",0.289920889696033
"5194","2016",0.327605257610563
"6022","2016",0.347456938238736
"6003","2016",0.306405565066999
"6016","2016",0.218131574922531
"6017","2016",0.179065323818538
"6021","2016",0.433280060771277
"6002","2016",0.534865816102068
"6025","2016",0.144510949874645
"6026","2016",0.309902320349944
"6010","2016",0.359744053725236
"6102","2016",0.201143911471607
"6150","2016",0.614922266587376
"6104","2016",0.617078493112547
"6133","2016",0.307911304478887
"6105","2016",0.24910723899327
"6106","2016",0.298821280662631
"6151","2016",0.46312209094164
"6142","2016",0.262047051690871
"6153","2016",0.440174846599921
"6108","2016",0.432964816822204
"6112","2016",0.239155248209843
"6156","2016",0.38283404107031
"6113","2016",0.421503645127279
"6115","2016",0.530151062139324
"6160","2016",0.671359842823798
"6161","2016",0.301256024048491
"6123","2016",0.419327254880134
"6167","2016",0.66112995234321
"6126","2016",0.0313645621181263
"6128","2016",0.257136797514455
"6172","2016",0.278658552651948
"6130","2016",0.294933167287143
"6173","2016",0.313547132547583
"6178","2016",0.415807658973138
"6140","2016",0.395116307366258
"6141","2016",0.442179991357386
"6143","2016",0.433467741935484
"6144","2016",0.463859894309298
"6145","2016",0.39043627886135
"6147","2016",0.281216336367146
"6185","2016",0.489728161104583
"6233","2016",0.235230576685031
"6239","2016",0.380455960710685
"6242","2016",0.0773718145532699
"6224","2016",0.0542235337513832
"6230","2016",0.361702127659574
"6232","2016",0.725219573400251
"6200","2016",0.342857142857143
"6202","2016",1
"6201","2016",0.452944954712811
"6205","2016",0.103440809772116
"6248","2016",0.0647482014388489
"6203","2016",0.253542119629276
"6222","2016",0.75
"6234","2016",0.315895633301092
"6235","2016",0.345893362711755
"6206","2016",0.376493348240644
"6209","2016",0.561115147112241
"6207","2016",0.575036603221083
"6208","2016",0.387100765979291
"6236","2016",0.295198690274159
"6256","2016",0.484197840329973
"6237","2016",0.483907093141472
"6210","2016",0.219772858841216
"6211","2016",0.288119700634066
"6212","2016",0.8125
"6213","2016",0.8125
"6238","2016",0.265895953757225
"6240","2016",0.549854637232037
"6214","2016",0.681706718979892
"6215","2016",0.319734845763552
"6241","2016",0.480769230769231
"6216","2016",0.347433728144388
"6229","2016",0.406864587247902
"6217","2016",0.431707317073171
"6228","2016",0.337378640776699
"6243","2016",0.487058823529412
"6244","2016",0.343499744419833
"6245","2016",0.413793103448276
"6246","2016",0.573161921502839
"6225","2016",0.833333333333333
"6247","2016",0.714285714285714
"6249","2016",0.444444444444444
"6223","2016",0
"6250","2016",0.592592592592593
"6218","2016",0.8125
"6251","2016",0.509803921568627
"6253","2016",0.188905547226387
"6257","2016",0.40109015188633
"6221","2016",0.496196685683238
"6254","2016",0.359855670624557
"6227","2016",0.426241068761355
"6255","2016",0.422794117647059
"6220","2016",0.576923076923077
"6231","2016",0.319415416769117
"89","2017",0.403898056108366
"102","2017",0.196517177545261
"804","2017",0.257092920885812
"1739","2017",0.185357588558758
"1829","2017",0.209513696501137
"3012","2017",0.188381025352751
"4103","2017",0.0936046549490039
"5003","2017",0.186273045526753
"5067","2017",0.257183527727119
"5158","2017",0.145712388355938
"5165","2017",0.18529374533737
"5071","2017",0.091265303845832
"5159","2017",0.100285186049402
"5206","2017",0.294235807860262
"6016","2017",0.0939492635044462
"6017","2017",0.0737327188940092
"6025","2017",0.106421860555114
"6026","2017",0.49065087852744
"6027","2017",0.27741935483871
"6104","2017",0.758542713567839
"6120","2017",0.543793911007026
"6130","2017",0.528529753129019
"6145","2017",0.588578831561414
"6185","2017",0.61965811965812
"6233","2017",0.187986858142123
"6232","2017",0.555555555555556
"6257","2017",0
"6300","2017",1
"6303","2017",1
"6302","2017",0.531645569620253
"6301","2017",0
"45","2019",0.410590732947258
"54","2019",0.253827586856168
"102","2019",0.334790644348985
"162","2019",0.216759080389855
"409","2019",0.241358801195824
"1336","2019",0.303179084325519
"303","2019",0.306568522784739
"2048","2019",0.421872319254675
"9918","2019",0.720996045025997
"4103","2019",0.444933825400793
"4104","2019",0.123945412490644
"4203","2019",0.426504717082439
"5003","2019",0.266958881701745
"5067","2019",0.261002415410657
"5109","2019",0.345715755201052
"5114","2019",0.24051743310372
"5111","2019",0.234264297022025
"5036","2019",0.260503755536971
"5035","2019",0.214089411620015
"5112","2019",0.457227460934448
"5080","2019",0.367060350217773
"5078","2019",0.358676942744552
"5019","2019",0.120439525255614
"5025","2019",0.571991960692461
"5092","2019",0.296149024336558
"5018","2019",0.150012601485404
"5059","2019",0.223192094215449
"5068","2019",0.315013826871605
"5132","2019",0.365737905954709
"5194","2019",0.25441716449794
"5206","2019",0.291637982379468
"6003","2019",0.227481176811915
"6021","2019",0.439583987983166
"6026","2019",0.298858857065155
"6008","2019",0.411764705882353
"6102","2019",0.203813388768965
"6104","2019",0.396286298534834
"6105","2019",0.380120118051959
"6151","2019",0.515236920908931
"6142","2019",0.198944868615958
"6156","2019",0.326116593177029
"6113","2019",0.367401416539297
"6115","2019",0.684864507550875
"6120","2019",0.260579104212071
"6122","2019",0.255477966211116
"6123","2019",0
"6129","2019",0.257070075873985
"6171","2019",0.411834621769496
"6130","2019",0.366976116262864
"6139","2019",0.240196867597341
"6141","2019",0.65816673648927
"6145","2019",0.353696496309438
"6239","2019",0.277224530241126
"6242","2019",0.331932773109244
"6224","2019",0.152588555858311
"6201","2019",0.292292570057566
"6203","2019",0.295650906482407
"6235","2019",0.319526386695159
"6208","2019",0.431872373291916
"6210","2019",0.262695371649318
"6211","2019",0.794578859746189
"6215","2019",0.337912548959048
"6246","2019",0.578068783614826
"6254","2019",0.344784871246312
"6227","2019",0.554286993507947
"6302","2019",0.321416367132359
"6407","2019",0.178986002048481
"6445","2019",0.334513271704969
"6440","2019",0.412286172594467
"6428","2019",0.371389270976616
"6419","2019",0.530612244897959
"6451","2019",0.206303724928367
"6231","2019",0.342697345124069
"6400","2019",0.383690410764878
"6401","2019",0.471964056775686
"6402","2019",0.439024390243902
"6433","2019",0.402617230098146
"6429","2019",0.093167701863354
"6435","2019",0.769230769230769
"6405","2019",0.5
"6406","2019",0.377038626609442
"6439","2019",0.201469450889404
"6436","2019",0.75
"6408","2019",0.358974358974359
"6437","2019",0.247849641565471
"6409","2019",0.355263157894737
"6410","2019",0.472222222222222
"6411","2019",0.472222222222222
"6412","2019",0.472222222222222
"6413","2019",0.472222222222222
"6438","2019",0.472222222222222
"6414","2019",0.227897838899804
"6415","2019",0.295622059587907
"6416","2019",0.297638465357067
"6441","2019",0.237882569587537
"6442","2019",0.453213077790304
"6417","2019",0.423076923076923
"6418","2019",0.529411764705882
"6443","2019",0.598908594815825
"6420","2019",0.62874721822228
"6446","2019",0.453863828758012
"6421","2019",0.335358247881939
"6447","2019",0.226765441600924
"6448","2019",0.699138350888108
"6423","2019",0.863319386331939
"6449","2019",0.20997375328084
"6425","2019",0
"6426","2019",0.289831734915005
"6450","2019",0.120636099046767
"6427","2019",0.201848785871965
"6457","2019",0.435997135699093
"6455","2019",0
"6453","2019",0.378048780487805
"6431","2019",0.365408162689523
"6454","2019",0
"6432","2019",0.641025641025641
"54","2021",0.38984901603998
"89","2021",0.564091645801229
"162","2021",0.304859450360145
"409","2021",0.276402323775802
"832","2021",0.300270213433583
"1336","2021",0.387406806172966
"961","2021",0.377136720049684
"1317","2021",0.471776904355011
"9918","2021",0.510907614303725
"4103","2021",0.682134265964703
"3086","2021",0.573407251843283
"4513","2021",0.418165732817435
"5109","2021",0.219697386431569
"5114","2021",0.24689796447073
"5111","2021",0.257221881727274
"5078","2021",0.606025830760324
"5068","2021",0.554042545765786
"5108","2021",0.25373462389158
"5132","2021",0.389281153688613
"5064","2021",0.469645581543712
"5194","2021",0.284669591959487
"5199","2021",0.449371782070096
"6022","2021",0.702845512586964
"6021","2021",0.274937867686648
"6026","2021",0.466456129561439
"6102","2021",0.298987332990883
"6105","2021",0.288932672200819
"6142","2021",0.211614851850446
"6153","2021",0.430396959568752
"6108","2021",0.484408652481455
"6156","2021",0.398205456706282
"6113","2021",0.410717823313346
"6115","2021",0.593119803619428
"6122","2021",0.369378922166765
"6130","2021",0.43957105389115
"6134","2021",0.52887537993921
"6138","2021",0.758590308370044
"6178","2021",0.604434551423501
"6140","2021",0.607238037906215
"6141","2021",0.538099331917653
"6239","2021",0.309193972895602
"6201","2021",0.449150349849024
"6205","2021",0.409302981679685
"6203","2021",0.357673156921031
"6208","2021",0.63644467307462
"6256","2021",0.453504099573665
"6237","2021",0.327867205144891
"6210","2021",0.341578306335945
"6246","2021",0.412537234791648
"6445","2021",0.760152641511401
"6231","2021",0.374007044043561
"6400","2021",0.459901509545626
"6401","2021",0.390739980165687
"6433","2021",0.530653737879262
"6415","2021",0.287804100087225
"6441","2021",0.199136603411627
"6442","2021",0.225806451612903
"6448","2021",0.517716873653698
"6426","2021",0.554488830062711
"6450","2021",0.411333552825955
"6427","2021",0.0736852953300748
"6457","2021",0.572684143900428
"6431","2021",0.581490206026245
"6504","2021",0.425531914893617
"6505","2021",0.425531914893617
"6542","2021",0.281832741358055
"6541","2021",0.363281438630428
"6501","2021",0.574468085106383
"6508","2021",0.450236633004653
"6502","2021",0.817191070486905
"6516","2021",0.388384062252128
"6515","2021",0.505624960891357
"6555","2021",0.387405758969533
"6503","2021",0.668103638555863
"6531","2021",0.497303067845624
"6568","2021",0.520098453738305
"6566","2021",0.655482532499527
"6519","2021",0.527539636437299
"6506","2021",0.540441176470588
"6507","2021",0.705882352941177
"6513","2021",0.58695652173913
"6509","2021",0
"6528","2021",0.269360269360269
"6514","2021",0.373622721547789
"6537","2021",0.421108576294612
"6512","2021",0.375843117661754
"6526","2021",0.508213669767556
"6517","2021",0.76555023923445
"6518","2021",0.76555023923445
"6521","2021",0.532748515610036
"6522","2021",0.516038492381716
"6527","2021",0.599709028796715
"6524","2021",0
"6523","2021",0
"6525","2021",0.438600441611429
"6532","2021",0.391304347826087
"6529","2021",0
"6530","2021",0
"6543","2021",0.463160830249956
"6539","2021",0.501673353795105
"6535","2021",0.735668789808917
"6533","2021",1
"6534","2021",0.280592361652377
"6549","2021",0.337951933233913
"6545","2021",0.515508394544427
"6536","2021",0.179410508329774
"6538","2021",0.591806839420114
"6564","2021",0.453858708323619
"6553","2021",0.641280321309534
"6540","2021",0.52616303252866
"6544","2021",0.626623376623377
"6546","2021",0.73384030418251
"6547","2021",0.544326777609682
"6563","2021",0.397000147951008
"6550","2021",0.319148936170213
"6551","2021",0.569476082004556
"6565","2021",0.181153554262585
"6552","2021",0.878892733564014
"6554","2021",1
"6561","2021",0.717991125354108
"6556","2021",0.361290322580645
"6560","2021",1
"162","2023",0.567502853913922
"409","2023",0.283077087373758
"832","2023",0.364086456403689
"961","2023",0.342936128905675
"1739","2023",0.260098030882838
"9918","2023",0.634354042481389
"4203","2023",0.652481769658752
"4513","2023",0.436641312737662
"5003","2023",0.122793784643272
"5067","2023",0.118083473371206
"5109","2023",0.505874255022393
"5114","2023",0.482553971789132
"5127","2023",0.253371817356545
"5080","2023",0.520812368951662
"5078","2023",0.497248415643941
"5059","2023",0.169692934597681
"5068","2023",0.47852947991554
"5108","2023",0.527736352056249
"5064","2023",0.488046266400501
"5199","2023",0.752550134654703
"6022","2023",0.575968862356814
"6024","2023",0.5
"6010","2023",0.484636470118566
"6104","2023",0.592100726424906
"6153","2023",0.444782900794824
"6108","2023",0.514330301948041
"6112","2023",0.256771008917314
"6115","2023",0.428200760554258
"6178","2023",0.304750999621504
"6140","2023",0.436914931268895
"6141","2023",0.488661412773706
"6145","2023",0.510664984293839
"6182","2023",0.487862320921843
"6201","2023",0.481333324909271
"6203","2023",0.587262535007421
"6235","2023",0.34494165341141
"6210","2023",0.238740977601853
"6211","2023",0.571693798774859
"6215","2023",0.422124581213735
"6246","2023",0.408822765151369
"6254","2023",0.351067150955517
"6220","2023",0.414103214499839
"6302","2023",0.411053341595504
"6440","2023",0.438100535632449
"6400","2023",0.571619048044456
"6437","2023",0.356255491767125
"6415","2023",0.277663409924872
"6441","2023",0.268736608994195
"6417","2023",0.666666666666667
"6421","2023",0.458093312836568
"6447","2023",0.40137508460689
"6448","2023",0.47986842868139
"6431","2023",0.635546645947122
"6542","2023",0.394024422730136
"6541","2023",0.477595551401614
"6502","2023",0.570339730703036
"6516","2023",0.369803403385205
"6515","2023",0.47826401402816
"6555","2023",0.384514175911712
"6503","2023",0.756660175961341
"6531","2023",0.532933496191662
"6566","2023",0.643871154018053
"6519","2023",0.512270362518991
"6514","2023",0.792546308157514
"6512","2023",0.779075546719682
"6526","2023",0.574769266601877
"6521","2023",0.474320130189922
"6527","2023",0.673568253980464
"6543","2023",0.466673650577162
"6539","2023",0.689462997015626
"6549","2023",0.43637223276702
"6538","2023",0.749558043606364
"6553","2023",0.55148276246336
"6540","2023",0.343939417272644
"6563","2023",0.457297190310756
"6561","2023",0.494073888591061
"6556","2023",0.0244755244755245
"6630","2023",0.28092003378854
"6681","2023",0.255415162454874
"6631","2023",0.354277629826897
"6609","2023",0.393532238110309
"6629","2023",0.695422866829912
"6602","2023",0.493416764437492
"6628","2023",0.517832924885198
"6601","2023",0.317880241346757
"6660","2023",0.734978338670183
"6600","2023",0.410190596210315
"6620","2023",0.441444481943976
"6626","2023",0.513243481357902
"6618","2023",0.705847016419704
"6642","2023",0.931129476584022
"6613","2023",0.479252912294214
"6673","2023",0.665817048994619
"6615","2023",0.307692307692308
"6616","2023",0
"6607","2023",0.535809018567639
"6652","2023",0.688053097345133
"6678","2023",0.880478087649402
"6646","2023",0.684824902723735
"6674","2023",1
"6612","2023",0.488866900481086
"6608","2023",0.376580004763932
"6640","2023",0.383413790922697
"6675","2023",0.70846394984326
"6661","2023",0.623444399839422
"6645","2023",0.893238434163701
"6668","2023",1
"6644","2023",1
"6603","2023",0.483117519208988
"6623","2023",0.565904957697478
"6680","2023",0.483275032794053
"6648","2023",0.225908372827804
"6650","2023",0.0869565217391304
"6647","2023",0.0869565217391304
"6669","2023",0.0869565217391304
